관리번호,소재지도로명주소,소재지지번주소,위도,경도,상세위치,제설함규격,염화칼슘주머니수,염화칼슘배치량,모래주머니수,모래배치량,관리기관명,데이터기준일자
은평-034,서울특별시 은평구 은평터널로 176,,37.594222,126.908331,간선도로 옆,1200*700*800,7,100,0,0,서울특별시 은평구청,2025-06-26
은평-035,서울특별시 은평구 은평터널로 188,,37.595267,126.908828,간선도로 옆,1200*700*800,7,100,0,0,서울특별시 은평구청,2025-06-26
은평-036,서울특별시 은평구 통일로 586,,37.59964368,126.937531,간선도로 옆,1200*700*800,7,100,0,0,서울특별시 은평구청,2025-06-26
은평-037,서울특별시 은평구 통일로 596,,37.600136,126.936467,간선도로 옆,1200*700*800,7,100,0,0,서울특별시 은평구청,2025-06-26
은평-038,서울특별시 은평구 통일로 780,,37.61582623,126.9285674,간선도로 옆,1200*700*800,7,100,0,0,서울특별시 은평구청,2025-06-26
은평-039,서울특별시 은평구 통일로 790,,37.61523052,126.925968,간선도로 옆,1200*700*800,7,100,0,0,서울특별시 은평구청,2025-06-26
은평-040,서울특별시 은평구 통일로 796,,37.616344,126.925756,간선도로 옆,1200*700*800,7,100,0,0,서울특별시 은평구청,2025-06-26
은평-041,서울특별시 은평구 통일로 928,,37.625718,126.920332,간선도로 옆,1200*700*800,7,100,0,0,서울특별시 은평구청,2025-06-26
은평-042,서울특별시 은평구 통일로 952,,37.627862,126.919827,간선도로 옆,1200*700*800,7,100,0,0,서울특별시 은평구청,2025-06-26
은평-043,서울특별시 은평구 통일로 1050,,37.63753667,126.9179003,간선도로 옆,1200*700*800,7,100,0,0,서울특별시 은평구청,2025-06-26
은평-044,서울특별시 은평구 통일로 1021,,37.6336094,126.9161525,간선도로 옆,1200*700*800,7,100,0,0,서울특별시 은평구청,2025-06-26
은평-045,서울특별시 은평구 통일로 953,,37.628136,126.919211,간선도로 옆,1200*700*800,7,100,0,0,서울특별시 은평구청,2025-06-26
은평-046,서울특별시 은평구 통일로 829,,37.617438,126.922217,간선도로 옆,1200*700*800,7,100,0,0,서울특별시 은평구청,2025-06-26
은평-047,서울특별시 은평구 통일로 803,,37.615666,126.924448,간선도로 옆,1200*700*800,7,100,0,0,서울특별시 은평구청,2025-06-26
은평-048,서울특별시 은평구 통일로 595,,37.599909,126.936006,간선도로 옆,1200*700*800,7,100,0,0,서울특별시 은평구청,2025-06-26
은평-017,서울특별시 은평구 가좌로 330,,37.596839,126.908847,간선도로 옆,1200*700*800,7,100,0,0,서울특별시 은평구청,2025-06-26
은평-050,서울특별시 은평구 통일로 579,,37.598648,126.937179,간선도로 옆,1200*700*800,7,100,0,0,서울특별시 은평구청,2025-06-26
은평-051,서울특별시 은평구 진흥로 274,,37.610424,126.939552,간선도로 옆,1200*700*800,7,100,0,0,서울특별시 은평구청,2025-06-26
은평-052,,서울특별시 은평구 녹번동 산1-55,37.61010187,126.9430018,간선도로 옆,1200*700*800,7,100,0,0,서울특별시 은평구청,2025-06-26
은평-053,,서울특별시 은평구 녹번동 산1-56,37.60996862,126.9471021,간선도로 옆,1200*700*800,7,100,0,0,서울특별시 은평구청,2025-06-26
은평-054,,서울특별시 은평구 불광동 산42-1,37.61748643,126.9473035,간선도로 옆,1200*700*800,7,100,0,0,서울특별시 은평구청,2025-06-26
은평-055,,서울특별시 은평구 불광동 산42-1,37.61748643,126.9473035,간선도로 옆,1200*700*800,7,100,0,0,서울특별시 은평구청,2025-06-26
은평-056,서울특별시 은평구 진흥로 267,,37.61185227,126.9388742,간선도로 옆,1200*700*800,7,100,0,0,서울특별시 은평구청,2025-06-26
은평-057,서울특별시 은평구 불광로 146,,37.620392,126.932526,간선도로 옆,1200*700*800,7,100,0,0,서울특별시 은평구청,2025-06-26
은평-058,서울특별시 은평구 불광로 170,,37.621783,126.931655,간선도로 옆,1200*700*800,7,100,0,0,서울특별시 은평구청,2025-06-26
은평-059,서울특별시 은평구 불광로 204,,37.624264,126.929645,간선도로 옆,1200*700*800,7,100,0,0,서울특별시 은평구청,2025-06-26
은평-060,서울특별시 은평구 불광로 207,,37.624441,126.929083,간선도로 옆,1200*700*800,7,100,0,0,서울특별시 은평구청,2025-06-26
은평-061,서울특별시 은평구 불광로 169,,37.62175683,126.9313391,간선도로 옆,1200*700*800,7,100,0,0,서울특별시 은평구청,2025-06-26
은평-062,서울특별시 은평구 불광로 153,,37.62014926,126.931919,간선도로 옆,1200*700*800,7,100,0,0,서울특별시 은평구청,2025-06-26
은평-063,,서울특별시 은평구 응암동 123-35,37.59463677,126.915042,간선도로 옆,1200*700*800,7,100,0,0,서울특별시 은평구청,2025-06-26
은평-064,서울특별시 은평구 연서로 366,,37.627753,126.929501,간선도로 옆,1200*700*800,7,100,0,0,서울특별시 은평구청,2025-06-26
은평-033,서울특별시 은평구 은평터널로 164,,37.59386051,126.9086431,간선도로 옆,1200*700*800,7,100,0,0,서울특별시 은평구청,2025-06-26
은평-066,서울특별시 은평구 연서로46길 7,,37.633941,126.9326829,간선도로 옆,1200*700*800,7,100,0,0,서울특별시 은평구청,2025-06-26
은평-067,서울특별시 은평구 연서로 534,,37.64097221,126.9379431,간선도로 옆,1200*700*800,7,100,0,0,서울특별시 은평구청,2025-06-26
은평-068,서울특별시 은평구 진관길 1,,37.64240557,126.938934,간선도로 옆,1200*700*800,7,100,0,0,서울특별시 은평구청,2025-06-26
은평-069,서울특별시 은평구 진관길 11-21,,37.64361066,126.939552,간선도로 옆,1200*700*800,7,100,0,0,서울특별시 은평구청,2025-06-26
은평-070,,서울특별시 은평구 진관동 129,37.642543,126.938529,간선도로 옆,1200*700*800,7,100,0,0,서울특별시 은평구청,2025-06-26
은평-071,서울특별시 은평구 연서로 535,,37.64163759,126.9369302,간선도로 옆,1200*700*800,7,100,0,0,서울특별시 은평구청,2025-06-26
은평-072,서울특별시 은평구 연서로 322,,37.623967,126.928411,간선도로 옆,1200*700*800,7,100,0,0,서울특별시 은평구청,2025-06-26
은평-073,서울특별시 은평구 진관4로 17,,37.643645,126.922911,간선도로 옆,1200*700*800,7,100,0,0,서울특별시 은평구청,2025-06-26
은평-074,서울특별시 은평구 북한산로 216,,37.65022123,126.9358714,간선도로 옆,1200*700*800,7,100,0,0,서울특별시 은평구청,2025-06-26
은평-075,,서울특별시 은평구 진관동 5-1,37.64857919,126.9281777,간선도로 옆,1200*700*800,7,100,0,0,서울특별시 은평구청,2025-06-26
은평-076,서울특별시 은평구 서오릉로 258,,37.617679,126.906807,간선도로 옆,1200*700*800,7,100,0,0,서울특별시 은평구청,2025-06-26
은평-077,,서울특별시 은평구 갈현동 산131-22,37.61901594,126.9059808,간선도로 옆,1200*700*800,7,100,0,0,서울특별시 은평구청,2025-06-26
은평-078,서울특별시 은평구 서오릉로 277,,37.618781,126.905628,간선도로 옆,1200*700*800,7,100,0,0,서울특별시 은평구청,2025-06-26
은평-079,서울특별시 은평구 서오릉로 273,,37.618402,126.905787,간선도로 옆,1200*700*800,7,100,0,0,서울특별시 은평구청,2025-06-26
은평-080,,서울특별시 은평구 진관동 107-2,37.63167699,126.9285794,간선도로 옆,1200*700*800,7,100,0,0,서울특별시 은평구청,2025-06-26
은평-049,서울특별시 은평구 통일로 583,,37.598922,126.936898,간선도로 옆,1200*700*800,7,100,0,0,서울특별시 은평구청,2025-06-26
은평-081,,서울특별시 은평구 진관동 107-2,37.631687,126.9285794,간선도로 옆,1200*700*800,7,100,0,0,서울특별시 은평구청,2025-06-26
은평-082,,서울특별시 은평구 진관동 8-2,37.64423131,126.9292857,간선도로 옆,1200*700*800,7,100,0,0,서울특별시 은평구청,2025-06-26
은평-083,,서울특별시 은평구 진관동 8-2,37.644243,126.9292111,간선도로 옆,1200*700*800,7,100,0,0,서울특별시 은평구청,2025-06-26
은평-084,,서울특별시 은평구 진관동 27-4,37.64275268,126.917045,간선도로 옆,770*490*570,5,50,0,0,서울특별시 은평구청,2025-06-26
은평-085,,서울특별시 은평구 진관동 27-4,37.642719,126.917091,간선도로 옆,770*490*570,5,50,0,0,서울특별시 은평구청,2025-06-26
은평-086,서울특별시 은평구 수색로 190-2,,37.57847195,126.9016245,간선도로 옆,770*490*570,5,50,0,0,서울특별시 은평구청,2025-06-26
은평-087,서울특별시 은평구 갈현로 133,,37.609853,126.9109219,간선도로 옆,770*490*570,5,50,0,0,서울특별시 은평구청,2025-06-26
은평-088,서울특별시 은평구 은평로 245,,37.60110498,126.9351461,간선도로 옆,770*490*570,5,50,0,0,서울특별시 은평구청,2025-06-26
녹번-001,서울특별시 은평구 은평로21길 6-24,,37.602554,126.9338692,이면도로 옆,770*490*570,5,50,0,0,서울특별시 은평구청,2025-06-26
녹번-002,서울특별시 은평구 은평로21가길 9,,37.60385786,126.929605,이면도로 옆,770*490*570,5,50,0,0,서울특별시 은평구청,2025-06-26
녹번-003,서울특별시 은평구 은평로21가길 17-3,,37.604658,126.930177,이면도로 옆,770*490*570,5,50,0,0,서울특별시 은평구청,2025-06-26
녹번-004,서울특별시 은평구 녹번로 54,,37.60574129,126.9308392,이면도로 옆,770*490*570,5,50,0,0,서울특별시 은평구청,2025-06-26
녹번-005,서울특별시 은평구 녹번로3길 2,,37.6056316,126.928542,이면도로 옆,770*490*570,5,50,0,0,서울특별시 은평구청,2025-06-26
녹번-006,서울특별시 은평구 녹번로4길 6,,37.605354,126.9302355,이면도로 옆,770*490*570,5,50,0,0,서울특별시 은평구청,2025-06-26
녹번-007,서울특별시 은평구 녹번로4길 10,,37.605042,126.9306448,이면도로 옆,770*490*570,5,50,0,0,서울특별시 은평구청,2025-06-26
녹번-008,서울특별시 은평구 녹번로6가길 7,,37.605227,126.9316876,이면도로 옆,770*490*570,5,50,0,0,서울특별시 은평구청,2025-06-26
은평-065,,서울특별시 은평구 진관동 149-17,37.633758,126.932144,간선도로 옆,1200*700*800,7,100,0,0,서울특별시 은평구청,2025-06-26
은평-018,서울특별시 은평구 가좌로 344,,37.59791864,126.9074653,간선도로 옆,1200*700*800,7,100,0,0,서울특별시 은평구청,2025-06-26
은평-019,서울특별시 은평구 가좌로 377,,37.599334,126.904899,간선도로 옆,1200*700*800,7,100,0,0,서울특별시 은평구청,2025-06-26
은평-020,서울특별시 은평구 가좌로 361,,37.59755372,126.9046049,간선도로 옆,1200*700*800,7,100,0,0,서울특별시 은평구청,2025-06-26
은평-021,서울특별시 은평구 은평로 15,,37.597528,126.909713,간선도로 옆,1200*700*800,7,100,0,0,서울특별시 은평구청,2025-06-26
은평-022,서울특별시 은평구 은평로 5,,37.596767,126.909211,간선도로 옆,1200*700*800,7,100,0,0,서울특별시 은평구청,2025-06-26
은평-023,서울특별시 은평구 은평로 6,,37.596605,126.909711,간선도로 옆,1200*700*800,7,100,0,0,서울특별시 은평구청,2025-06-26
은평-024,서울특별시 은평구 은평로 14,,37.597279,126.910067,간선도로 옆,1200*700*800,7,100,0,0,서울특별시 은평구청,2025-06-26
은평-025,서울특별시 은평구 은평터널로 187,,37.595368,126.908529,간선도로 옆,1200*700*800,7,100,0,0,서울특별시 은평구청,2025-06-26
은평-026,서울특별시 은평구 은평터널로 169,,37.594066,126.907779,간선도로 옆,1200*700*800,7,100,0,0,서울특별시 은평구청,2025-06-26
은평-027,서울특별시 은평구 은평터널로 159,,37.593042,126.907096,간선도로 옆,1200*700*800,7,100,0,0,서울특별시 은평구청,2025-06-26
은평-028,서울특별시 은평구 은평터널로 125,,37.590691,126.904907,간선도로 옆,1200*700*800,7,100,0,0,서울특별시 은평구청,2025-06-26
은평-029,서울특별시 은평구 은평터널로 65,,37.58690845,126.8992289,간선도로 옆,1200*700*800,7,100,0,0,서울특별시 은평구청,2025-06-26
은평-030,서울특별시 은평구 은평터널로 64,,37.586395,126.900959,간선도로 옆,1200*700*800,7,100,0,0,서울특별시 은평구청,2025-06-26
은평-031,서울특별시 은평구 은평터널로 124,,37.59032158,126.904976,간선도로 옆,1200*700*800,7,100,0,0,서울특별시 은평구청,2025-06-26
은평-032,서울특별시 은평구 은평터널로 150,,37.592293,126.907383,간선도로 옆,1200*700*800,7,100,0,0,서울특별시 은평구청,2025-06-26
은평-001,서울특별시 은평구 백련산로 147,,37.598331,126.925231,간선도로 옆,1200*700*800,7,100,0,0,서울특별시 은평구청,2025-06-26
은평-002,서울특별시 은평구 응암로30길 16,,37.59505946,126.9208809,간선도로 옆,1200*700*800,7,100,0,0,서울특별시 은평구청,2025-06-26
은평-003,서울특별시 은평구 응암로30길 16,,37.59505946,126.9208809,간선도로 옆,1200*700*800,7,100,0,0,서울특별시 은평구청,2025-06-26
은평-004,서울특별시 은평구 백련산로 67,,37.59225619,126.9220714,간선도로 옆,1200*700*800,7,100,0,0,서울특별시 은평구청,2025-06-26
은평-005,서울특별시 은평구 백련산로 67,,37.59225619,126.9220714,간선도로 옆,1200*700*800,7,100,0,0,서울특별시 은평구청,2025-06-26
은평-006,서울특별시 은평구 백련산로 37,,37.58941333,126.9222745,간선도로 옆,1200*700*800,7,100,0,0,서울특별시 은평구청,2025-06-26
은평-007,서울특별시 은평구 백련산로 21,,37.587474,126.922561,간선도로 옆,1200*700*800,7,100,0,0,서울특별시 은평구청,2025-06-26
은평-008,서울특별시 은평구 백련산로 38,,37.58927061,126.923088,간선도로 옆,1200*700*800,7,100,0,0,서울특별시 은평구청,2025-06-26
은평-009,서울특별시 은평구 백련산로 38,,37.58927061,126.923081,간선도로 옆,1200*700*800,7,100,0,0,서울특별시 은평구청,2025-06-26
은평-010,서울특별시 은평구 가좌로 162,,37.586173,126.922489,간선도로 옆,1200*700*800,7,100,0,0,서울특별시 은평구청,2025-06-26
은평-011,서울특별시 은평구 가좌로 170,,37.58666105,126.921968,간선도로 옆,1200*700*800,7,100,0,0,서울특별시 은평구청,2025-06-26
은평-012,서울특별시 은평구 가좌로 194,,37.588168,126.919996,간선도로 옆,1200*700*800,7,100,0,0,서울특별시 은평구청,2025-06-26
은평-013,서울특별시 은평구 가좌로 200,,37.588521,126.9196846,간선도로 옆,1200*700*800,7,100,0,0,서울특별시 은평구청,2025-06-26
은평-014,서울특별시 은평구 가좌로 195,,37.588035,126.919507,간선도로 옆,1200*700*800,7,100,0,0,서울특별시 은평구청,2025-06-26
은평-015,서울특별시 은평구 가좌로 175,,37.58671986,126.921112,간선도로 옆,1200*700*800,7,100,0,0,서울특별시 은평구청,2025-06-26
은평-016,,서울특별시 은평구 응암동 691,37.58615814,126.9221723,간선도로 옆,1200*700*800,7,100,0,0,서울특별시 은평구청,2025-06-26
녹번-009,서울특별시 은평구 녹번로6가길 14,,37.60486623,126.931192,이면도로 옆,770*490*570,5,50,0,0,서울특별시 은평구청,2025-06-26
녹번-010,서울특별시 은평구 통일로53길 12,,37.60391426,126.9335135,이면도로 옆,770*490*570,5,50,0,0,서울특별시 은평구청,2025-06-26
녹번-011,서울특별시 은평구 통일로53길 17-1,,37.604077,126.932849,이면도로 옆,770*490*570,5,50,0,0,서울특별시 은평구청,2025-06-26
녹번-012,서울특별시 은평구 통일로57길 14,,37.60448745,126.9331575,이면도로 옆,770*490*570,5,50,0,0,서울특별시 은평구청,2025-06-26
녹번-013,서울특별시 은평구 통일로59길 13,,37.60507553,126.9326842,이면도로 옆,770*490*570,5,50,0,0,서울특별시 은평구청,2025-06-26
녹번-014,서울특별시 은평구 통일로 578-21,,37.599172,126.9384885,이면도로 옆,770*490*570,5,50,0,0,서울특별시 은평구청,2025-06-26
녹번-015,서울특별시 은평구 통일로 580-2,,37.598861,126.9378322,이면도로 옆,770*490*570,5,50,0,0,서울특별시 은평구청,2025-06-26
녹번-016,서울특별시 은평구 통일로 586-35,,37.60001171,126.9386696,이면도로 옆,770*490*570,5,50,0,0,서울특별시 은평구청,2025-06-26
녹번-017,서울특별시 은평구 통일로 625-16,,37.60291393,126.9343902,이면도로 옆,770*490*570,5,50,0,0,서울특별시 은평구청,2025-06-26
녹번-018,서울특별시 은평구 통일로 631-10,,37.60322624,126.934276,이면도로 옆,770*490*570,5,50,0,0,서울특별시 은평구청,2025-06-26
녹번-019,서울특별시 은평구 진흥로16길 7-10,,37.60947193,126.939591,이면도로 옆,770*490*570,5,50,0,0,서울특별시 은평구청,2025-06-26
녹번-020,서울특별시 은평구 진흥로16길 8-4,,37.60972196,126.938898,이면도로 옆,770*490*570,5,50,0,0,서울특별시 은평구청,2025-06-26
녹번-021,서울특별시 은평구 진흥로16길 17,,37.608907,126.9395148,이면도로 옆,770*490*570,5,50,0,0,서울특별시 은평구청,2025-06-26
녹번-022,서울특별시 은평구 진흥로16길 18,,37.608941,126.939259,이면도로 옆,770*490*570,5,50,0,0,서울특별시 은평구청,2025-06-26
녹번-023,서울특별시 은평구 진흥로16길 19-8,,37.608461,126.9399401,이면도로 옆,770*490*570,5,50,0,0,서울특별시 은평구청,2025-06-26
녹번-024,,서울특별시 은평구 녹번동 산1-59,37.60946294,126.9376033,이면도로 옆,770*490*570,5,50,0,0,서울특별시 은평구청,2025-06-26
녹번-025,서울특별시 은평구 진흥로18길 14,,37.60955628,126.9402886,이면도로 옆,770*490*570,5,50,0,0,서울특별시 은평구청,2025-06-26
녹번-026,서울특별시 은평구 녹번로4길 14,,37.604913,126.9307516,이면도로 옆,770*490*570,5,50,0,0,서울특별시 은평구청,2025-06-26
녹번-027,서울특별시 은평구 녹번로 60-6,,37.605821,126.9311134,이면도로 옆,770*490*570,5,50,0,0,서울특별시 은평구청,2025-06-26
녹번-028,서울특별시 은평구 진흥로 272-16,,37.609901,126.939613,이면도로 옆,770*490*570,5,50,0,0,서울특별시 은평구청,2025-06-26
녹번-029,서울특별시 은평구 진흥로16길 25,,37.60836442,126.939693,이면도로 옆,770*490*570,5,50,0,0,서울특별시 은평구청,2025-06-26
녹번-030,서울특별시 은평구 통일로 665-14,,37.605913,126.9331198,이면도로 옆,770*490*570,5,50,0,0,서울특별시 은평구청,2025-06-26
녹번-031,서울특별시 은평구 통일로 578-24,,37.59877971,126.938504,이면도로 옆,770*490*570,5,50,0,0,서울특별시 은평구청,2025-06-26
녹번-032,서울특별시 은평구 은평로21가길 19,,37.60457696,126.930431,이면도로 옆,770*490*570,5,50,0,0,서울특별시 은평구청,2025-06-26
녹번-033,서울특별시 은평구 녹번로6길 5,,37.60603051,126.931738,이면도로 옆,770*490*570,5,50,0,0,서울특별시 은평구청,2025-06-26
녹번-034,서울특별시 은평구 녹번로6길 12-8,,37.60533146,126.9319893,이면도로 옆,770*490*570,5,50,0,0,서울특별시 은평구청,2025-06-26
녹번-035,서울특별시 은평구 진흥로18길 3,,37.6103505,126.9401078,이면도로 옆,770*490*570,5,50,0,0,서울특별시 은평구청,2025-06-26
녹번-036,서울특별시 은평구 통일로53길 8,,37.60397817,126.933838,이면도로 옆,770*490*570,5,50,0,0,서울특별시 은평구청,2025-06-26
녹번-037,서울특별시 은평구 통일로 586-19,,37.60024855,126.9375796,이면도로 옆,770*490*570,5,50,0,0,서울특별시 은평구청,2025-06-26
녹번-038,서울특별시 은평구 통일로 625-12,,37.60277675,126.9342942,이면도로 옆,770*490*570,5,50,0,0,서울특별시 은평구청,2025-06-26
녹번-039,서울특별시 은평구 은평로21가길 16,,37.604229,126.9302062,이면도로 옆,770*490*570,5,50,0,0,서울특별시 은평구청,2025-06-26
녹번-040,서울특별시 은평구 통일로62길 17,,37.60699389,126.9352047,이면도로 옆,770*490*570,5,50,0,0,서울특별시 은평구청,2025-06-26
녹번-041,서울특별시 은평구 통일로 610,,37.60198245,126.9359478,이면도로 옆,770*490*570,5,50,0,0,서울특별시 은평구청,2025-06-26
녹번-042,서울특별시 은평구 통일로 630,,37.60284497,126.9359558,이면도로 옆,770*490*570,5,50,0,0,서울특별시 은평구청,2025-06-26
녹번-043,서울특별시 은평구 진흥로272-6,,37.61019829,126.9395179,이면도로 옆,770*490*570,5,50,0,0,서울특별시 은평구청,2025-06-26
녹번-044,서울특별시 은평구 진흥로16길 5,,37.60995986,126.9392919,이면도로 옆,770*490*570,5,50,0,0,서울특별시 은평구청,2025-06-26
녹번-045,서울특별시 은평구 진흥로16길 19-1,,37.608711,126.9396626,이면도로 옆,770*490*570,5,50,0,0,서울특별시 은평구청,2025-06-26
녹번-046,서울특별시 은평구 통일로 650,,37.60656331,126.9350586,이면도로 옆,770*490*570,5,50,0,0,서울특별시 은평구청,2025-06-26
불광1-001,서울특별시 은평구 진흥로15길 12-13,,37.61073087,126.9325415,이면도로 옆,770*490*570,5,50,0,0,서울특별시 은평구청,2025-06-26
불광1-002,서울특별시 은평구 통일로72길 30-63,,37.61741586,126.9258082,이면도로 옆,770*490*570,5,50,0,0,서울특별시 은평구청,2025-06-26
불광1-003,서울특별시 은평구 통일로72길 30-41,,37.61740024,126.9269082,이면도로 옆,770*490*570,5,50,0,0,서울특별시 은평구청,2025-06-26
불광1-004,서울특별시 은평구 통일로72길 30-50,,37.617511,126.9254653,이면도로 옆,770*490*570,5,50,0,0,서울특별시 은평구청,2025-06-26
불광1-005,서울특별시 은평구 통일로72길 30-45,,37.61739052,126.9266363,이면도로 옆,770*490*570,5,50,0,0,서울특별시 은평구청,2025-06-26
불광1-006,서울특별시 은평구 통일로72길 30-18,,37.61789601,126.9258358,이면도로 옆,770*490*570,5,50,0,0,서울특별시 은평구청,2025-06-26
불광1-007,서울특별시 은평구 통일로72길 30,,37.61846944,126.925131,이면도로 옆,770*490*570,5,50,0,0,서울특별시 은평구청,2025-06-26
불광1-008,서울특별시 은평구 통일로78가길 16,,37.618351,126.926262,이면도로 옆,770*490*570,5,50,0,0,서울특별시 은평구청,2025-06-26
불광1-009,서울특별시 은평구 통일로78가길 23,,37.61813524,126.927131,이면도로 옆,770*490*570,5,50,0,0,서울특별시 은평구청,2025-06-26
불광1-010,서울특별시 은평구 통일로78가길 27,,37.61806897,126.927668,이면도로 옆,770*490*570,5,50,0,0,서울특별시 은평구청,2025-06-26
불광1-011,서울특별시 은평구 통일로78가길 31,,37.61797934,126.928172,이면도로 옆,770*490*570,5,50,0,0,서울특별시 은평구청,2025-06-26
불광1-012,서울특별시 은평구 통일로78가길 33-10,,37.61839239,126.9284986,이면도로 옆,770*490*570,5,50,0,0,서울특별시 은평구청,2025-06-26
불광1-013,서울특별시 은평구 통일로78가길 13-36,,37.61857331,126.927723,이면도로 옆,770*490*570,5,50,0,0,서울특별시 은평구청,2025-06-26
불광1-014,서울특별시 은평구 통일로78가길 13-8,,37.618644,126.926531,이면도로 옆,770*490*570,5,50,0,0,서울특별시 은평구청,2025-06-26
불광1-015,서울특별시 은평구 통일로78가길 13-101,,37.61887126,126.9270257,이면도로 옆,770*490*570,5,50,0,0,서울특별시 은평구청,2025-06-26
불광1-016,서울특별시 은평구 통일로78가길 13-84,,37.61897852,126.9282719,이면도로 옆,770*490*570,5,50,0,0,서울특별시 은평구청,2025-06-26
불광1-017,서울특별시 은평구 통일로78가길 13-92,,37.61941225,126.9281035,이면도로 옆,770*490*570,5,50,0,0,서울특별시 은평구청,2025-06-26
불광1-018,서울특별시 은평구 연서로34가길 20,,37.61963891,126.9285085,이면도로 옆,770*490*570,5,50,0,0,서울특별시 은평구청,2025-06-26
불광1-019,서울특별시 은평구 연서로34가길 16-23,,37.619585,126.927095,이면도로 옆,770*490*570,5,50,0,0,서울특별시 은평구청,2025-06-26
불광1-020,서울특별시 은평구 통일로78길 43-1,,37.61997079,126.9263874,이면도로 옆,770*490*570,5,50,0,0,서울특별시 은평구청,2025-06-26
불광1-021,서울특별시 은평구 연서로34가길 8,,37.620596,126.9279858,이면도로 옆,770*490*570,5,50,0,0,서울특별시 은평구청,2025-06-26
불광1-022,서울특별시 은평구 불광로14길 32-2,,37.621482,126.9335999,이면도로 옆,770*490*570,5,50,0,0,서울특별시 은평구청,2025-06-26
불광1-023,서울특별시 은평구 불광로14길 26-15,,37.62113669,126.9340382,이면도로 옆,770*490*570,5,50,0,0,서울특별시 은평구청,2025-06-26
불광1-024,서울특별시 은평구 불광로14길 22-15,,37.62072523,126.934247,이면도로 옆,770*490*570,5,50,0,0,서울특별시 은평구청,2025-06-26
불광1-025,서울특별시 은평구 불광로 122-10,,37.6182574,126.9340278,이면도로 옆,770*490*570,5,50,0,0,서울특별시 은평구청,2025-06-26
불광1-026,서울특별시 은평구 불광로 145-7,,37.619635,126.9316812,이면도로 옆,770*490*570,5,50,0,0,서울특별시 은평구청,2025-06-26
불광1-027,서울특별시 은평구 불광로 145-28,,37.61981843,126.9311544,이면도로 옆,770*490*570,5,50,0,0,서울특별시 은평구청,2025-06-26
불광1-028,서울특별시 은평구 불광로13가길 24-1,,37.6191648,126.931267,이면도로 옆,770*490*570,5,50,0,0,서울특별시 은평구청,2025-06-26
불광1-029,서울특별시 은평구 불광로 122-10,,37.6182574,126.9340278,이면도로 옆,770*490*570,5,50,0,0,서울특별시 은평구청,2025-06-26
불광1-030,서울특별시 은평구 불광로8길 26,,37.617092,126.9345705,이면도로 옆,770*490*570,5,50,0,0,서울특별시 은평구청,2025-06-26
갈현1-002,서울특별시 은평구 갈현로47길 41,,37.6290759,126.9156327,이면도로 옆,770*490*570,5,50,0,0,서울특별시 은평구청,2025-06-26
갈현1-003,서울특별시 은평구 갈현로47길 32-12,,37.62895864,126.916712,이면도로 옆,770*490*570,5,50,0,0,서울특별시 은평구청,2025-06-26
갈현1-004,서울특별시 은평구 갈현로47길 22,,37.62796036,126.9173673,이면도로 옆,770*490*570,5,50,0,0,서울특별시 은평구청,2025-06-26
불광2-009,서울특별시 은평구 연서로34길 32,,37.62184466,126.9296245,이면도로 옆,770*490*570,5,50,0,0,서울특별시 은평구청,2025-06-26
불광2-010,서울특별시 은평구 연서로35길 39,,37.62428459,126.924858,이면도로 옆,770*490*570,5,50,0,0,서울특별시 은평구청,2025-06-26
불광2-011,서울특별시 은평구 연서로37가길 6,,37.62419328,126.9264112,이면도로 옆,770*490*570,5,50,0,0,서울특별시 은평구청,2025-06-26
불광2-012,서울특별시 은평구 연서로37가길 8-8,,37.62465296,126.926555,이면도로 옆,770*490*570,5,50,0,0,서울특별시 은평구청,2025-06-26
불광2-013,서울특별시 은평구 연서로40길 4,,37.62305641,126.9281496,이면도로 옆,770*490*570,5,50,0,0,서울특별시 은평구청,2025-06-26
불광2-014,서울특별시 은평구 연서로40길 14,,37.62326661,126.9291934,이면도로 옆,770*490*570,5,50,0,0,서울특별시 은평구청,2025-06-26
불광2-015,서울특별시 은평구 연서로41길 23,,37.62637203,126.926381,이면도로 옆,770*490*570,5,50,0,0,서울특별시 은평구청,2025-06-26
불광2-016,서울특별시 은평구 연서로41길 39,,37.62719826,126.9252755,이면도로 옆,770*490*570,5,50,0,0,서울특별시 은평구청,2025-06-26
불광2-017,서울특별시 은평구 연서로41길 39-7,,37.62725607,126.9247989,이면도로 옆,770*490*570,5,50,0,0,서울특별시 은평구청,2025-06-26
불광2-018,서울특별시 은평구 연서로41가길 5-13,,37.62540684,126.9270252,이면도로 옆,770*490*570,5,50,0,0,서울특별시 은평구청,2025-06-26
불광2-019,서울특별시 은평구 연서로41가길 11,,37.62593582,126.9261639,이면도로 옆,770*490*570,5,50,0,0,서울특별시 은평구청,2025-06-26
불광2-020,서울특별시 은평구 연서로41가길 40,,37.62682676,126.9239748,이면도로 옆,770*490*570,5,50,0,0,서울특별시 은평구청,2025-06-26
불광2-021,서울특별시 은평구 연서로41가길 37-8,,37.62678304,126.92365,이면도로 옆,770*490*570,5,50,0,0,서울특별시 은평구청,2025-06-26
불광2-022,서울특별시 은평구 통일로80가길 14,,37.62141709,126.9224994,이면도로 옆,770*490*570,5,50,0,0,서울특별시 은평구청,2025-06-26
불광1-048,서울특별시 은평구 진흥로19길 10-3,,37.61185324,126.940916,이면도로 옆,770*490*570,5,50,0,0,서울특별시 은평구청,2025-06-26
불광1-049,서울특별시 은평구 진흥로19길 2-15,,37.61149027,126.941971,이면도로 옆,770*490*570,5,50,0,0,서울특별시 은평구청,2025-06-26
불광1-050,서울특별시 은평구 진흥로 267-26,,37.611603,126.937475,이면도로 옆,770*490*570,5,50,0,0,서울특별시 은평구청,2025-06-26
불광2-026,서울특별시 은평구 통일로82가길 21-1,,37.62190933,126.9218712,이면도로 옆,770*490*570,5,50,0,0,서울특별시 은평구청,2025-06-26
불광2-027,서울특별시 은평구 통일로82가길 23-2,,37.623696,126.921821,이면도로 옆,770*490*570,5,50,0,0,서울특별시 은평구청,2025-06-26
불광2-028,서울특별시 은평구 통일로82나길 12,,37.62241473,126.921386,이면도로 옆,770*490*570,5,50,0,0,서울특별시 은평구청,2025-06-26
불광2-029,서울특별시 은평구 통일로82길 47,,37.62372259,126.920682,이면도로 옆,770*490*570,5,50,0,0,서울특별시 은평구청,2025-06-26
불광2-030,서울특별시 은평구 통일로88길 4,,37.62409648,126.920315,이면도로 옆,770*490*570,5,50,0,0,서울특별시 은평구청,2025-06-26
불광2-031,서울특별시 은평구 통일로88길 12-21,,37.6229861,126.921111,이면도로 옆,770*490*570,5,50,0,0,서울특별시 은평구청,2025-06-26
불광2-032,서울특별시 은평구 통일로88길 13011,,37.626681,126.922027,이면도로 옆,770*490*570,5,50,0,0,서울특별시 은평구청,2025-06-26
불광2-033,서울특별시 은평구 통일로88길 15-10,,37.62339532,126.9221286,이면도로 옆,770*490*570,5,50,0,0,서울특별시 은평구청,2025-06-26
불광2-034,서울특별시 은평구 통일로88길 21,,37.62325252,126.9219913,이면도로 옆,770*490*570,5,50,0,0,서울특별시 은평구청,2025-06-26
불광2-035,서울특별시 은평구 통일로88길 29,,37.62274106,126.9225872,이면도로 옆,770*490*570,5,50,0,0,서울특별시 은평구청,2025-06-26
불광2-036,서울특별시 은평구 통일로88가길 10-1,,37.62452562,126.922027,이면도로 옆,770*490*570,5,50,0,0,서울특별시 은평구청,2025-06-26
불광2-037,서울특별시 은평구 통일로90길 9,,37.62475779,126.9204996,이면도로 옆,770*490*570,5,50,0,0,서울특별시 은평구청,2025-06-26
불광2-038,서울특별시 은평구 통일로90길 10,,37.62456749,126.9206146,이면도로 옆,770*490*570,5,50,0,0,서울특별시 은평구청,2025-06-26
불광2-039,서울특별시 은평구 통일로90길 14-1,,37.62483131,126.921075,이면도로 옆,770*490*570,5,50,0,0,서울특별시 은평구청,2025-06-26
불광2-006,서울특별시 은평구 불광로22길 20-16,,37.62555073,126.9313854,이면도로 옆,770*490*570,5,50,0,0,서울특별시 은평구청,2025-06-26
불광2-007,서울특별시 은평구 불광로22길 21-17,,37.625776,126.930648,이면도로 옆,770*490*570,5,50,0,0,서울특별시 은평구청,2025-06-26
불광2-008,서울특별시 은평구 불광로22길 28-1,,37.62606299,126.9311498,이면도로 옆,770*490*570,5,50,0,0,서울특별시 은평구청,2025-06-26
불광2-043,서울특별시 은평구 통일로92길 20,,37.623103,126.921821,이면도로 옆,770*490*570,5,50,0,0,서울특별시 은평구청,2025-06-26
불광2-044,서울특별시 은평구 통일로92길 39,,37.62620191,126.9239399,이면도로 옆,770*490*570,5,50,0,0,서울특별시 은평구청,2025-06-26
불광2-045,서울특별시 은평구 통일로92길 40-1,,37.62616677,126.9242225,이면도로 옆,770*490*570,5,50,0,0,서울특별시 은평구청,2025-06-26
불광2-046,서울특별시 은평구 통일로92가길 5,,37.62635421,126.9212508,이면도로 옆,770*490*570,5,50,0,0,서울특별시 은평구청,2025-06-26
불광2-047,서울특별시 은평구 통일로92가길 7,,37.62646241,126.921282,이면도로 옆,770*490*570,5,50,0,0,서울특별시 은평구청,2025-06-26
불광2-048,서울특별시 은평구 통일로92가길 16,,37.62601838,126.922171,이면도로 옆,770*490*570,5,50,0,0,서울특별시 은평구청,2025-06-26
불광2-049,서울특별시 은평구 통일로92가길 20-8,,37.6260023,126.922905,이면도로 옆,770*490*570,5,50,0,0,서울특별시 은평구청,2025-06-26
불광2-050,서울특별시 은평구 통일로92나길 1,,37.6256221,126.9222477,이면도로 옆,770*490*570,5,50,0,0,서울특별시 은평구청,2025-06-26
불광2-051,서울특별시 은평구 통일로92나길 24,,37.62405076,126.9229045,이면도로 옆,770*490*570,5,50,0,0,서울특별시 은평구청,2025-06-26
불광2-052,서울특별시 은평구 통일로92나길 29,,37.62363645,126.9234091,이면도로 옆,770*490*570,5,50,0,0,서울특별시 은평구청,2025-06-26
불광2-053,서울특별시 은평구 통일로94길 20-19,,37.6266811,126.921336,이면도로 옆,770*490*570,5,50,0,0,서울특별시 은평구청,2025-06-26
불광2-054,서울특별시 은평구 통일로94길 24,,37.62669296,126.9218898,이면도로 옆,770*490*570,5,50,0,0,서울특별시 은평구청,2025-06-26
불광2-055,서울특별시 은평구 통일로94길 30,,37.62715039,126.921821,이면도로 옆,770*490*570,5,50,0,0,서울특별시 은평구청,2025-06-26
갈현1-001,서울특별시 은평구 갈현로47길 42-8,,37.62947813,126.916445,이면도로 옆,770*490*570,5,50,0,0,서울특별시 은평구청,2025-06-26
불광2-023,서울특별시 은평구 통일로80가길 10-2,,37.626554,126.922426,이면도로 옆,770*490*570,5,50,0,0,서울특별시 은평구청,2025-06-26
불광2-024,서울특별시 은평구 통일로82길 32-1,,37.62256095,126.920515,이면도로 옆,770*490*570,5,50,0,0,서울특별시 은평구청,2025-06-26
불광2-025,서울특별시 은평구 통일로82가길 6,,37.62086836,126.9211012,이면도로 옆,770*490*570,5,50,0,0,서울특별시 은평구청,2025-06-26
갈현1-005,서울특별시 은평구 갈현로47길 14-3,,37.62790464,126.9178249,이면도로 옆,770*490*570,5,50,0,0,서울특별시 은평구청,2025-06-26
갈현1-006,서울특별시 은평구 갈현로45길 55,,37.62911181,126.9138346,이면도로 옆,770*490*570,5,50,0,0,서울특별시 은평구청,2025-06-26
갈현1-007,서울특별시 은평구 갈현로45길 26,,37.62754046,126.9164126,이면도로 옆,770*490*570,5,50,0,0,서울특별시 은평구청,2025-06-26
갈현1-008,서울특별시 은평구 갈현로 333-11,,37.62660714,126.9181021,이면도로 옆,770*490*570,5,50,0,0,서울특별시 은평구청,2025-06-26
갈현1-009,서울특별시 은평구 통일로89길 18-14,,37.62508443,126.9184396,이면도로 옆,770*490*570,5,50,0,0,서울특별시 은평구청,2025-06-26
갈현1-013,서울특별시 은평구 갈현로33가길 29,,37.623739,126.912931,이면도로 옆,770*490*570,5,50,0,0,서울특별시 은평구청,2025-06-26
갈현1-014,서울특별시 은평구 갈현로33가길 23,,37.62336457,126.913244,이면도로 옆,770*490*570,5,50,0,0,서울특별시 은평구청,2025-06-26
갈현1-015,서울특별시 은평구 갈현로37길 7,,37.622423,126.9160542,이면도로 옆,770*490*570,5,50,0,0,서울특별시 은평구청,2025-06-26
갈현1-016,서울특별시 은평구 갈현로33가길 5-16,,37.62261275,126.9130037,이면도로 옆,770*490*570,5,50,0,0,서울특별시 은평구청,2025-06-26
갈현1-017,서울특별시 은평구 갈현로33가길 11,,37.622354,126.9136334,이면도로 옆,770*490*570,5,50,0,0,서울특별시 은평구청,2025-06-26
갈현1-018,서울특별시 은평구 갈현로29길 62,,37.62336036,126.9109152,이면도로 옆,770*490*570,5,50,0,0,서울특별시 은평구청,2025-06-26
갈현1-019,서울특별시 은평구 갈현로33길 36-8,,37.62217948,126.912795,이면도로 옆,770*490*570,5,50,0,0,서울특별시 은평구청,2025-06-26
갈현1-020,서울특별시 은평구 갈현로33가길 7,,37.62199677,126.9135366,이면도로 옆,770*490*570,5,50,0,0,서울특별시 은평구청,2025-06-26
갈현1-021,서울특별시 은평구 갈현로35길 12-8,,37.621361,126.9157238,이면도로 옆,770*490*570,5,50,0,0,서울특별시 은평구청,2025-06-26
불광2-040,서울특별시 은평구 통일로92길 5,,37.62608174,126.9208227,이면도로 옆,770*490*570,5,50,0,0,서울특별시 은평구청,2025-06-26
불광2-041,서울특별시 은평구 통일로92길 13,,37.62576905,126.921711,이면도로 옆,770*490*570,5,50,0,0,서울특별시 은평구청,2025-06-26
불광2-042,서울특별시 은평구 통일로92길 36-1,,37.62593397,126.9238317,이면도로 옆,770*490*570,5,50,0,0,서울특별시 은평구청,2025-06-26
불광1-051,서울특별시 은평구 진흥로 265,,37.6116695,126.9367279,이면도로 옆,770*490*570,5,50,0,0,서울특별시 은평구청,2025-06-26
불광1-052,서울특별시 은평구 통일로78길 22-7,,37.618326,126.9246654,이면도로 옆,770*490*570,5,50,0,0,서울특별시 은평구청,2025-06-26
불광1-053,서울특별시 은평구 통일로78길 34-10,,37.619011,126.9259221,이면도로 옆,770*490*570,5,50,0,0,서울특별시 은평구청,2025-06-26
불광1-054,서울특별시 은평구 불광로8길 12-9,,37.6165389,126.9342829,이면도로 옆,770*490*570,5,50,0,0,서울특별시 은평구청,2025-06-26
불광1-055,서울특별시 은평구 불광로6길 8,,37.61378983,126.933085,이면도로 옆,770*490*570,5,50,0,0,서울특별시 은평구청,2025-06-26
불광1-056,서울특별시 은평구 불광로8길 7,,37.61620625,126.9334701,이면도로 옆,770*490*570,5,50,0,0,서울특별시 은평구청,2025-06-26
불광1-057,서울특별시 은평구 불광로6길 6-9,,37.61351999,126.9328888,이면도로 옆,770*490*570,5,50,0,0,서울특별시 은평구청,2025-06-26
불광1-058,서울특별시 은평구 불광로2길 27-4,,37.61290471,126.9349865,이면도로 옆,770*490*570,5,50,0,0,서울특별시 은평구청,2025-06-26
불광1-059,서울특별시 은평구 진흥로19길 17,,37.61179534,126.940188,이면도로 옆,770*490*570,5,50,0,0,서울특별시 은평구청,2025-06-26
불광2-001,서울특별시 은평구 불광로16길 13,,37.62170568,126.9331161,이면도로 옆,770*490*570,5,50,0,0,서울특별시 은평구청,2025-06-26
불광2-002,서울특별시 은평구 불광로16길 24-4,,37.62172796,126.9339617,이면도로 옆,770*490*570,5,50,0,0,서울특별시 은평구청,2025-06-26
불광2-003,서울특별시 은평구 불광로20길 8-11,,37.6235587,126.9306913,이면도로 옆,770*490*570,5,50,0,0,서울특별시 은평구청,2025-06-26
불광2-004,서울특별시 은평구 불광로20길 12-12,,37.623696,126.9308195,이면도로 옆,770*490*570,5,50,0,0,서울특별시 은평구청,2025-06-26
불광2-005,서울특별시 은평구 불광로22길 7-15,,37.62530829,126.9298758,이면도로 옆,770*490*570,5,50,0,0,서울특별시 은평구청,2025-06-26
불광1-031,서울특별시 은평구 불광로8길 4-5,,37.6159063,126.9339291,이면도로 옆,770*490*570,5,50,0,0,서울특별시 은평구청,2025-06-26
불광1-032,서울특별시 은평구 불광로 98-15,,37.61545733,126.9337437,이면도로 옆,770*490*570,5,50,0,0,서울특별시 은평구청,2025-06-26
불광1-033,서울특별시 은평구 불광로6길 13,,37.61406235,126.9336231,이면도로 옆,770*490*570,5,50,0,0,서울특별시 은평구청,2025-06-26
불광1-034,서울특별시 은평구 불광로6길 20,,37.613869,126.9348289,이면도로 옆,770*490*570,5,50,0,0,서울특별시 은평구청,2025-06-26
불광1-035,서울특별시 은평구 불광로6길 20,,37.613875,126.9348289,이면도로 옆,770*490*570,5,50,0,0,서울특별시 은평구청,2025-06-26
불광1-036,서울특별시 은평구 불광로6길 26,,37.613881,126.934996,이면도로 옆,770*490*570,5,50,0,0,서울특별시 은평구청,2025-06-26
불광1-037,서울특별시 은평구 불광로6길 14-6,,37.613563,126.933652,이면도로 옆,770*490*570,5,50,0,0,서울특별시 은평구청,2025-06-26
불광1-038,서울특별시 은평구 불광로6길 10-10,,37.6134434,126.933041,이면도로 옆,770*490*570,5,50,0,0,서울특별시 은평구청,2025-06-26
불광1-039,서울특별시 은평구 통일로68가길 30-2,,37.614784,126.930242,이면도로 옆,770*490*570,5,50,0,0,서울특별시 은평구청,2025-06-26
불광1-040,서울특별시 은평구 통일로68길 25-7,,37.6138353,126.930191,이면도로 옆,770*490*570,5,50,0,0,서울특별시 은평구청,2025-06-26
불광1-041,서울특별시 은평구 통일로68가길 3-2,,37.61263194,126.9291267,이면도로 옆,770*490*570,5,50,0,0,서울특별시 은평구청,2025-06-26
불광1-042,서울특별시 은평구 불광로2길 33,,37.61275727,126.9355816,이면도로 옆,770*490*570,5,50,0,0,서울특별시 은평구청,2025-06-26
불광1-043,서울특별시 은평구 불광로2길 41,,37.61163065,126.9361998,이면도로 옆,770*490*570,5,50,0,0,서울특별시 은평구청,2025-06-26
불광1-044,서울특별시 은평구 진흥로 267-26,,37.611898,126.937261,이면도로 옆,770*490*570,5,50,0,0,서울특별시 은평구청,2025-06-26
불광1-045,서울특별시 은평구 진흥로 267,,37.61185227,126.9388742,이면도로 옆,770*490*570,5,50,0,0,서울특별시 은평구청,2025-06-26
불광1-046,서울특별시 은평구 진흥로 267,,37.61185227,126.9388742,이면도로 옆,770*490*570,5,50,0,0,서울특별시 은평구청,2025-06-26
불광1-047,서울특별시 은평구 진흥로19길 22,,37.61202456,126.9399829,이면도로 옆,770*490*570,5,50,0,0,서울특별시 은평구청,2025-06-26
갈현1-022,서울특별시 은평구 갈현로35길 6-10,,37.621552,126.9160478,이면도로 옆,770*490*570,5,50,0,0,서울특별시 은평구청,2025-06-26
갈현2-001,서울특별시 은평구 갈현로29길 51-40,,37.62236965,126.9107027,이면도로 옆,770*490*570,5,50,0,0,서울특별시 은평구청,2025-06-26
갈현2-002,서울특별시 은평구 갈현로27길 41,,37.61944723,126.910923,이면도로 옆,770*490*570,5,50,0,0,서울특별시 은평구청,2025-06-26
갈현2-003,서울특별시 은평구 갈현로23길 44-1,,37.61878203,126.9101363,이면도로 옆,770*490*570,5,50,0,0,서울특별시 은평구청,2025-06-26
갈현2-004,서울특별시 은평구 서오릉로20길 12,,37.61645893,126.9094316,이면도로 옆,770*490*570,5,50,0,0,서울특별시 은평구청,2025-06-26
갈현2-005,서울특별시 은평구 서오릉로18길 13-9,,37.61581342,126.9100887,이면도로 옆,770*490*570,5,50,0,0,서울특별시 은평구청,2025-06-26
갈현2-006,서울특별시 은평구 서오릉로18길 13-24,,37.61660589,126.910316,이면도로 옆,770*490*570,5,50,0,0,서울특별시 은평구청,2025-06-26
갈현2-007,서울특별시 은평구 서오릉로18길 28,,37.61661905,126.911121,이면도로 옆,770*490*570,5,50,0,0,서울특별시 은평구청,2025-06-26
갈현2-008,서울특별시 은평구 갈현로21길 15,,37.6160858,126.9117753,이면도로 옆,770*490*570,5,50,0,0,서울특별시 은평구청,2025-06-26
갈현2-009,서울특별시 은평구 갈현로27길 38-5,,37.61963977,126.911621,이면도로 옆,770*490*570,5,50,0,0,서울특별시 은평구청,2025-06-26
갈현2-010,서울특별시 은평구 갈현로33길 42,,37.62205011,126.9121879,이면도로 옆,770*490*570,5,50,0,0,서울특별시 은평구청,2025-06-26
갈현2-011,서울특별시 은평구 서오릉로18길 35,,37.6174722,126.9115954,이면도로 옆,770*490*570,5,50,0,0,서울특별시 은평구청,2025-06-26
갈현2-012,서울특별시 은평구 서오릉로20길 3,,37.61588431,126.908771,이면도로 옆,770*490*570,5,50,0,0,서울특별시 은평구청,2025-06-26
갈현2-013,서울특별시 은평구 서오릉로24길 15-1,,37.61816972,126.9072239,이면도로 옆,770*490*570,5,50,0,0,서울특별시 은평구청,2025-06-26
갈현2-014,서울특별시 은평구 서오릉로22길 27,,37.61839082,126.907531,이면도로 옆,770*490*570,5,50,0,0,서울특별시 은평구청,2025-06-26
구산-001,서울특별시 은평구 갈현로17길 10,,37.611723,126.9103541,이면도로 옆,770*490*570,5,50,0,0,서울특별시 은평구청,2025-06-26
구산-002,서울특별시 은평구 서오릉로21가길 13-1,,37.613861,126.905009,이면도로 옆,770*490*570,5,50,0,0,서울특별시 은평구청,2025-06-26
구산-003,서울특별시 은평구 서오릉로25가길 1,,37.617247,126.9057044,이면도로 옆,770*490*570,5,50,0,0,서울특별시 은평구청,2025-06-26
구산-004,서울특별시 은평구 서오릉로27길 26-6,,37.61688494,126.903489,이면도로 옆,770*490*570,5,50,0,0,서울특별시 은평구청,2025-06-26
구산-005,서울특별시 은평구 서오릉로21길 34-30,,37.61351075,126.904783,이면도로 옆,770*490*570,5,50,0,0,서울특별시 은평구청,2025-06-26
구산-006,서울특별시 은평구 갈현로15길 11-7,,37.60707492,126.909303,이면도로 옆,770*490*570,5,50,0,0,서울특별시 은평구청,2025-06-26
구산-007,서울특별시 은평구 갈현로11가길 13,,37.60624021,126.908321,이면도로 옆,770*490*570,5,50,0,0,서울특별시 은평구청,2025-06-26
구산-008,서울특별시 은평구 갈현로11길 12-10,,37.60575876,126.909211,이면도로 옆,770*490*570,5,50,0,0,서울특별시 은평구청,2025-06-26
구산-009,서울특별시 은평구 갈현로11가길 5,,37.605618,126.908298,이면도로 옆,770*490*570,5,50,0,0,서울특별시 은평구청,2025-06-26
구산-010,서울특별시 은평구 갈현로11가길 9,,37.605973,126.908294,이면도로 옆,770*490*570,5,50,0,0,서울특별시 은평구청,2025-06-26
구산-011,서울특별시 은평구 서오릉로17길 28,,37.61273728,126.9078825,이면도로 옆,770*490*570,5,50,0,0,서울특별시 은평구청,2025-06-26
구산-012,서울특별시 은평구 서오릉로17길 21-2,,37.61302269,126.9083239,이면도로 옆,770*490*570,5,50,0,0,서울특별시 은평구청,2025-06-26
구산-013,서울특별시 은평구 갈현로17길 17,,37.611905,126.9088876,이면도로 옆,770*490*570,5,50,0,0,서울특별시 은평구청,2025-06-26
구산-014,서울특별시 은평구 갈현로15길 51,,37.60984462,126.9057802,이면도로 옆,770*490*570,5,50,0,0,서울특별시 은평구청,2025-06-26
구산-015,서울특별시 은평구 서오릉로21가길 1,,37.613969,126.906407,이면도로 옆,770*490*570,5,50,0,0,서울특별시 은평구청,2025-06-26
구산-016,서울특별시 은평구 서오릉로21길 33-1,,37.61351767,126.9065642,이면도로 옆,770*490*570,5,50,0,0,서울특별시 은평구청,2025-06-26
구산-017,서울특별시 은평구 서오릉로21길 30-25,,37.613658,126.905074,이면도로 옆,770*490*570,5,50,0,0,서울특별시 은평구청,2025-06-26
구산-018,서울특별시 은평구 서오릉로15길 16-10,,37.61319281,126.9090328,이면도로 옆,770*490*570,5,50,0,0,서울특별시 은평구청,2025-06-26
구산-019,서울특별시 은평구 갈현로17나길 36-8,,37.608713,126.9097588,이면도로 옆,770*490*570,5,50,0,0,서울특별시 은평구청,2025-06-26
구산-020,서울특별시 은평구 갈현로11길 46,,37.60479886,126.9054022,이면도로 옆,770*490*570,5,50,0,0,서울특별시 은평구청,2025-06-26
구산-021,서울특별시 은평구 갈현로17길 26,,37.61230382,126.9085925,이면도로 옆,770*490*570,5,50,0,0,서울특별시 은평구청,2025-06-26
구산-022,서울특별시 은평구 갈현로7길 56,,37.60513475,126.9042795,이면도로 옆,770*490*570,5,50,0,0,서울특별시 은평구청,2025-06-26
구산-023,서울특별시 은평구 갈현로7길 56,,37.60513475,126.9042795,이면도로 옆,770*490*570,5,50,0,0,서울특별시 은평구청,2025-06-26
구산-024,서울특별시 은평구 갈현로7길 56,,37.60513475,126.9042795,이면도로 옆,770*490*570,5,50,0,0,서울특별시 은평구청,2025-06-26
구산-025,서울특별시 은평구 서오릉로13길 3-1,,37.61245671,126.913911,이면도로 옆,770*490*570,5,50,0,0,서울특별시 은평구청,2025-06-26
구산-026,서울특별시 은평구 서오릉로27길 26-12,,37.616438,126.903267,이면도로 옆,770*490*570,5,50,0,0,서울특별시 은평구청,2025-06-26
구산-027,서울특별시 은평구 갈현로15길 11-4,,37.60741745,126.9091274,이면도로 옆,770*490*570,5,50,0,0,서울특별시 은평구청,2025-06-26
구산-028,서울특별시 은평구 연서로13길 22-1,,37.61011158,126.9136685,이면도로 옆,770*490*570,5,50,0,0,서울특별시 은평구청,2025-06-26
구산-029,서울특별시 은평구 서오릉로11길 15,,37.61117385,126.914711,이면도로 옆,770*490*570,5,50,0,0,서울특별시 은평구청,2025-06-26
구산-030,서울특별시 은평구 서오릉로27길 26-6,,37.61688494,126.903489,이면도로 옆,770*490*570,5,50,0,0,서울특별시 은평구청,2025-06-26
대조-001,서울특별시 은평구 통일로73길 8,,37.615512,126.923498,이면도로 옆,770*490*570,5,50,0,0,서울특별시 은평구청,2025-06-26
대조-002,서울특별시 은평구 통일로73길 5-15,,37.61513961,126.924551,이면도로 옆,770*490*570,5,50,0,0,서울특별시 은평구청,2025-06-26
대조-003,서울특별시 은평구 역말로8길 157,,37.612731,126.923278,이면도로 옆,770*490*570,5,50,0,0,서울특별시 은평구청,2025-06-26
대조-004,서울특별시 은평구 통일로73길 2,,37.614667,126.925961,이면도로 옆,770*490*570,5,50,0,0,서울특별시 은평구청,2025-06-26
대조-005,서울특별시 은평구 통일로71가길 10-5,,37.61358753,126.9250536,이면도로 옆,770*490*570,5,50,0,0,서울특별시 은평구청,2025-06-26
대조-006,서울특별시 은평구 서오릉로 16,,37.60282452,126.9263797,이면도로 옆,770*490*570,5,50,0,0,서울특별시 은평구청,2025-06-26
대조-007,서울특별시 은평구 통일로 25,,37.608772,126.923571,이면도로 옆,770*490*570,5,50,0,0,서울특별시 은평구청,2025-06-26
대조-008,서울특별시 은평구 통일로65길 18,,37.60907579,126.9289136,이면도로 옆,770*490*570,5,50,0,0,서울특별시 은평구청,2025-06-26
대조-009,서울특별시 은평구 역말로 737,,37.611163,126.928962,이면도로 옆,770*490*570,5,50,0,0,서울특별시 은평구청,2025-06-26
대조-010,서울특별시 은평구 통일로71가길 13,,37.61317297,126.9251628,이면도로 옆,770*490*570,5,50,0,0,서울특별시 은평구청,2025-06-26
대조-011,서울특별시 은평구 서오릉로 114-11,,37.61050078,126.920372,이면도로 옆,770*490*570,5,50,0,0,서울특별시 은평구청,2025-06-26
대조-012,서울특별시 은평구 서오릉로 114-17,,37.610667,126.9203511,이면도로 옆,770*490*570,5,50,0,0,서울특별시 은평구청,2025-06-26
응암1-001,서울특별시 은평구 통일로 579-7,,37.598457,126.9370504,이면도로 옆,770*490*570,5,50,0,0,서울특별시 은평구청,2025-06-26
응암1-002,서울특별시 은평구 은평로 220,,37.59922024,126.9309048,이면도로 옆,770*490*570,5,50,0,0,서울특별시 은평구청,2025-06-26
응암1-003,서울특별시 은평구 은평로 220,,37.59922024,126.9309048,이면도로 옆,770*490*570,5,50,0,0,서울특별시 은평구청,2025-06-26
응암1-004,서울특별시 은평구 백련산로14길 20-11,,37.5975586,126.9287419,이면도로 옆,770*490*570,5,50,0,0,서울특별시 은평구청,2025-06-26
응암1-005,서울특별시 은평구 은평로16길 11,,37.5998352,126.930007,이면도로 옆,770*490*570,5,50,0,0,서울특별시 은평구청,2025-06-26
응암1-006,서울특별시 은평구 은평로14길 12,,37.60039241,126.9286166,이면도로 옆,770*490*570,5,50,0,0,서울특별시 은평구청,2025-06-26
응암1-007,서울특별시 은평구 은평로16나길 10-6,,37.59938978,126.928683,이면도로 옆,770*490*570,5,50,0,0,서울특별시 은평구청,2025-06-26
응암1-008,서울특별시 은평구 백련산로14길 19,,37.59952327,126.9281081,이면도로 옆,770*490*570,5,50,0,0,서울특별시 은평구청,2025-06-26
응암1-009,서울특별시 은평구 백련산로 134,,37.59709761,126.9244734,이면도로 옆,770*490*570,5,50,0,0,서울특별시 은평구청,2025-06-26
응암1-010,서울특별시 은평구 백련산로 140,,37.5975671,126.924811,이면도로 옆,770*490*570,5,50,0,0,서울특별시 은평구청,2025-06-26
응암1-011,서울특별시 은평구 백련산로 127,,37.59714465,126.923656,이면도로 옆,770*490*570,5,50,0,0,서울특별시 은평구청,2025-06-26
신사1-014,서울특별시 은평구 증산로21길 36,,37.59634914,126.9106553,이면도로 옆,770*490*570,5,50,0,0,서울특별시 은평구청,2025-06-26
신사1-015,서울특별시 은평구 은평로2길 12-10,,37.59712252,126.911265,이면도로 옆,770*490*570,5,50,0,0,서울특별시 은평구청,2025-06-26
신사1-016,서울특별시 은평구 은평로2길 16-12,,37.59681169,126.9108678,이면도로 옆,770*490*570,5,50,0,0,서울특별시 은평구청,2025-06-26
응암3-019,서울특별시 은평구 가좌로7라길 33-9,,37.58399505,126.916693,이면도로 옆,770*490*570,5,50,0,0,서울특별시 은평구청,2025-06-26
응암3-020,서울특별시 은평구 가좌로7라길 25-1,,37.58402736,126.9164446,이면도로 옆,770*490*570,5,50,0,0,서울특별시 은평구청,2025-06-26
응암3-021,서울특별시 은평구 응암로 142-36,,37.58422026,126.915956,이면도로 옆,770*490*570,5,50,0,0,서울특별시 은평구청,2025-06-26
응암3-022,서울특별시 은평구 가좌로7라길 12-7,,37.58497674,126.916404,이면도로 옆,770*490*570,5,50,0,0,서울특별시 은평구청,2025-06-26
응암3-023,서울특별시 은평구 응암로4길 3,,37.58570252,126.915803,이면도로 옆,770*490*570,5,50,0,0,서울특별시 은평구청,2025-06-26
응암3-024,서울특별시 은평구 가좌로7라길 8-1,,37.58561229,126.916692,이면도로 옆,770*490*570,5,50,0,0,서울특별시 은평구청,2025-06-26
응암3-025,서울특별시 은평구 가좌로7가길 29,,37.58403611,126.920369,이면도로 옆,770*490*570,5,50,0,0,서울특별시 은평구청,2025-06-26
응암3-026,서울특별시 은평구 가좌로7다길 13-21,,37.58430801,126.918896,이면도로 옆,770*490*570,5,50,0,0,서울특별시 은평구청,2025-06-26
응암3-027,서울특별시 은평구 가좌로7나길 3,,37.58580203,126.919221,이면도로 옆,770*490*570,5,50,0,0,서울특별시 은평구청,2025-06-26
응암3-028,서울특별시 은평구 가좌로6길 23-2,,37.58846658,126.9204016,이면도로 옆,770*490*570,5,50,0,0,서울특별시 은평구청,2025-06-26
응암3-029,서울특별시 은평구 가좌로5길 12,,37.58629088,126.921337,이면도로 옆,770*490*570,5,50,0,0,서울특별시 은평구청,2025-06-26
응암3-030,서울특별시 은평구 가좌로7나길 10,,37.58541023,126.919014,이면도로 옆,770*490*570,5,50,0,0,서울특별시 은평구청,2025-06-26
역촌-001,서울특별시 은평구 연서로16길 21-1,,37.609003,126.9190705,이면도로 옆,770*490*570,5,50,0,0,서울특별시 은평구청,2025-06-26
역촌-002,서울특별시 은평구 역말로 96-3,,37.607925,126.9205654,이면도로 옆,770*490*570,5,50,0,0,서울특별시 은평구청,2025-06-26
응암2-014,서울특별시 은평구 백련산로 35,,37.58888884,126.922564,이면도로 옆,770*490*570,5,50,0,0,서울특별시 은평구청,2025-06-26
응암2-015,서울특별시 은평구 백련산로 10,,37.58652022,126.9230603,이면도로 옆,770*490*570,5,50,0,0,서울특별시 은평구청,2025-06-26
응암3-001,서울특별시 은평구 가좌로6길 12-12,,37.58762315,126.922129,이면도로 옆,770*490*570,5,50,0,0,서울특별시 은평구청,2025-06-26
역촌-006,서울특별시 은평구 진흥로7가길 3-4,,37.60485921,126.920126,이면도로 옆,770*490*570,5,50,0,0,서울특별시 은평구청,2025-06-26
역촌-007,서울특별시 은평구 진흥로9길 21-4,,37.605883,126.919882,이면도로 옆,770*490*570,5,50,0,0,서울특별시 은평구청,2025-06-26
역촌-008,서울특별시 은평구 진흥로7나길 14-13,,37.605421,126.919667,이면도로 옆,770*490*570,5,50,0,0,서울특별시 은평구청,2025-06-26
역촌-009,서울특별시 은평구 진흥로7가길 3-9,,37.60469387,126.919843,이면도로 옆,770*490*570,5,50,0,0,서울특별시 은평구청,2025-06-26
역촌-010,서울특별시 은평구 진흥로7가길 3-29,,37.60531817,126.919784,이면도로 옆,770*490*570,5,50,0,0,서울특별시 은평구청,2025-06-26
역촌-011,서울특별시 은평구 진흥로9길 17,,37.605827,126.9203308,이면도로 옆,770*490*570,5,50,0,0,서울특별시 은평구청,2025-06-26
역촌-012,서울특별시 은평구 진흥로7나길 16,,37.60576026,126.919019,이면도로 옆,770*490*570,5,50,0,0,서울특별시 은평구청,2025-06-26
역촌-013,서울특별시 은평구 갈현로15길 7-7,,37.607181,126.9100012,이면도로 옆,770*490*570,5,50,0,0,서울특별시 은평구청,2025-06-26
역촌-014,서울특별시 은평구 갈현로15길 9,,37.60748014,126.909852,이면도로 옆,770*490*570,5,50,0,0,서울특별시 은평구청,2025-06-26
역촌-015,서울특별시 은평구 갈현로15길 7-8,,37.60703428,126.9097419,이면도로 옆,770*490*570,5,50,0,0,서울특별시 은평구청,2025-06-26
역촌-016,서울특별시 은평구 갈현로11길 10-18,,37.60620683,126.9096413,이면도로 옆,770*490*570,5,50,0,0,서울특별시 은평구청,2025-06-26
역촌-017,서울특별시 은평구 갈현로9길 18,,37.605022,126.9085514,이면도로 옆,770*490*570,5,50,0,0,서울특별시 은평구청,2025-06-26
역촌-018,서울특별시 은평구 갈현로7길 40,,37.60472422,126.9063707,이면도로 옆,770*490*570,5,50,0,0,서울특별시 은평구청,2025-06-26
역촌-019,서울특별시 은평구 갈현로7길 43,,37.60441919,126.9058618,이면도로 옆,770*490*570,5,50,0,0,서울특별시 은평구청,2025-06-26
응암3-016,서울특별시 은평구 가좌로7라길 13-22,,37.584396,126.916725,이면도로 옆,770*490*570,5,50,0,0,서울특별시 은평구청,2025-06-26
응암3-017,서울특별시 은평구 가좌로7라길 36,,37.58350079,126.9167793,이면도로 옆,770*490*570,5,50,0,0,서울특별시 은평구청,2025-06-26
응암3-018,서울특별시 은평구 가좌로7라길 38,,37.58335973,126.9169564,이면도로 옆,770*490*570,5,50,0,0,서울특별시 은평구청,2025-06-26
역촌-023,서울특별시 은평구 갈현로7가길 19,,37.602662,126.908239,이면도로 옆,770*490*570,5,50,0,0,서울특별시 은평구청,2025-06-26
신사1-001,서울특별시 은평구 갈현로2길 23-3,,37.600196,126.912869,이면도로 옆,770*490*570,5,50,0,0,서울특별시 은평구청,2025-06-26
신사1-002,서울특별시 은평구 은평로3가길 14-8,,37.59954287,126.9135442,이면도로 옆,770*490*570,5,50,0,0,서울특별시 은평구청,2025-06-26
신사1-003,서울특별시 은평구 은평로3가길 16,,37.59926682,126.913187,이면도로 옆,770*490*570,5,50,0,0,서울특별시 은평구청,2025-06-26
신사1-004,서울특별시 은평구 갈현로2길 29-4,,37.59955916,126.913139,이면도로 옆,770*490*570,5,50,0,0,서울특별시 은평구청,2025-06-26
신사1-005,서울특별시 은평구 은평로3가길 13,,37.59907145,126.9132644,이면도로 옆,770*490*570,5,50,0,0,서울특별시 은평구청,2025-06-26
신사1-006,서울특별시 은평구 은평로3가길 21,,37.59899836,126.912688,이면도로 옆,770*490*570,5,50,0,0,서울특별시 은평구청,2025-06-26
신사1-007,서울특별시 은평구 갈현로1길 22-5,,37.59962029,126.907614,이면도로 옆,770*490*570,5,50,0,0,서울특별시 은평구청,2025-06-26
신사1-008,서울특별시 은평구 가좌로12길 15,,37.59905385,126.9074088,이면도로 옆,770*490*570,5,50,0,0,서울특별시 은평구청,2025-06-26
신사1-009,서울특별시 은평구 은평로1길 6-11,,37.597399,126.909244,이면도로 옆,770*490*570,5,50,0,0,서울특별시 은평구청,2025-06-26
신사1-010,서울특별시 은평구 가좌로12길 12,,37.59807271,126.9080308,이면도로 옆,770*490*570,5,50,0,0,서울특별시 은평구청,2025-06-26
신사1-011,서울특별시 은평구 은평로1길 6,,37.597691,126.909481,이면도로 옆,770*490*570,5,50,0,0,서울특별시 은평구청,2025-06-26
신사1-012,서울특별시 은평구 은평로2길 18-1,,37.59669816,126.911472,이면도로 옆,770*490*570,5,50,0,0,서울특별시 은평구청,2025-06-26
신사1-013,서울특별시 은평구 증산로21길 38-3,,37.5964277,126.9102921,이면도로 옆,770*490*570,5,50,0,0,서울특별시 은평구청,2025-06-26
역촌-003,서울특별시 은평구 서오릉로9길 6-9,,37.607668,126.9206572,이면도로 옆,770*490*570,5,50,0,0,서울특별시 은평구청,2025-06-26
역촌-004,서울특별시 은평구 서오릉로9길 18,,37.606621,126.9200471,이면도로 옆,770*490*570,5,50,0,0,서울특별시 은평구청,2025-06-26
역촌-005,서울특별시 은평구 역말로 84-8,,37.60676559,126.9198187,이면도로 옆,770*490*570,5,50,0,0,서울특별시 은평구청,2025-06-26
신사1-017,서울특별시 은평구 증산로21길 32-5,,37.59647458,126.9111525,이면도로 옆,770*490*570,5,50,0,0,서울특별시 은평구청,2025-06-26
신사1-018,서울특별시 은평구 증산로21길 38-9,,37.59674006,126.910229,이면도로 옆,770*490*570,5,50,0,0,서울특별시 은평구청,2025-06-26
신사1-019,서울특별시 은평구 은평로 18-9,,37.59761222,126.9109827,이면도로 옆,770*490*570,5,50,0,0,서울특별시 은평구청,2025-06-26
신사1-020,서울특별시 은평구 은평로2길 6-33,,37.59692113,126.9105889,이면도로 옆,770*490*570,5,50,0,0,서울특별시 은평구청,2025-06-26
신사1-021,서울특별시 은평구 은평로2길 6-19,,37.59724604,126.910988,이면도로 옆,770*490*570,5,50,0,0,서울특별시 은평구청,2025-06-26
신사1-022,서울특별시 은평구 증산로19길 34,,37.595499,126.9110184,이면도로 옆,770*490*570,5,50,0,0,서울특별시 은평구청,2025-06-26
신사1-023,서울특별시 은평구 갈현로3길 46-8,,37.60110067,126.905086,이면도로 옆,770*490*570,5,50,0,0,서울특별시 은평구청,2025-06-26
신사1-024,서울특별시 은평구 가좌로 396,,37.60113514,126.9042541,이면도로 옆,770*490*570,5,50,0,0,서울특별시 은평구청,2025-06-26
신사1-025,서울특별시 은평구 갈현로3나길 6,,37.60106665,126.906616,이면도로 옆,770*490*570,5,50,0,0,서울특별시 은평구청,2025-06-26
신사1-026,서울특별시 은평구 갈현로3길 45,,37.600572,126.9050903,이면도로 옆,770*490*570,5,50,0,0,서울특별시 은평구청,2025-06-26
신사1-027,서울특별시 은평구 가좌로 344,,37.597966,126.9074653,이면도로 옆,770*490*570,5,50,0,0,서울특별시 은평구청,2025-06-26
신사1-028,서울특별시 은평구 가좌로 344,,37.597902,126.9074653,이면도로 옆,770*490*570,5,50,0,0,서울특별시 은평구청,2025-06-26
신사1-029,서울특별시 은평구 갈현로1길 31,,37.59873617,126.906197,이면도로 옆,770*490*570,5,50,0,0,서울특별시 은평구청,2025-06-26
신사2-001,서울특별시 은평구 가좌로 305,,37.59496977,126.9106007,이면도로 옆,770*490*570,5,50,0,0,서울특별시 은평구청,2025-06-26
역촌-020,서울특별시 은평구 갈현로3나길 43,,37.60444183,126.906574,이면도로 옆,770*490*570,5,50,0,0,서울특별시 은평구청,2025-06-26
역촌-021,서울특별시 은평구 갈현로3나길 30,,37.603166,126.906604,이면도로 옆,770*490*570,5,50,0,0,서울특별시 은평구청,2025-06-26
역촌-022,서울특별시 은평구 갈현로7가길 10,,37.60308971,126.9087485,이면도로 옆,770*490*570,5,50,0,0,서울특별시 은평구청,2025-06-26
응암3-002,서울특별시 은평구 백련산로 19-6,,37.58742837,126.9224318,이면도로 옆,770*490*570,5,50,0,0,서울특별시 은평구청,2025-06-26
응암3-003,서울특별시 은평구 백련산로 9-5,,37.5864162,126.922411,이면도로 옆,770*490*570,5,50,0,0,서울특별시 은평구청,2025-06-26
응암3-004,서울특별시 은평구 가좌로5길 8,,37.586172,126.921674,이면도로 옆,770*490*570,5,50,0,0,서울특별시 은평구청,2025-06-26
응암3-005,서울특별시 은평구 가좌로7가길 25-53,,37.58407044,126.921575,이면도로 옆,770*490*570,5,50,0,0,서울특별시 은평구청,2025-06-26
응암3-006,서울특별시 은평구 가좌로7가길 25-45,,37.5842574,126.9213152,이면도로 옆,770*490*570,5,50,0,0,서울특별시 은평구청,2025-06-26
응암3-007,서울특별시 은평구 가좌로7가길 21,,37.58473151,126.9205186,이면도로 옆,770*490*570,5,50,0,0,서울특별시 은평구청,2025-06-26
응암3-008,서울특별시 은평구 가좌로7가길 18,,37.58503204,126.920326,이면도로 옆,770*490*570,5,50,0,0,서울특별시 은평구청,2025-06-26
응암3-009,서울특별시 은평구 가좌로7가길 8-19,,37.58496409,126.920198,이면도로 옆,770*490*570,5,50,0,0,서울특별시 은평구청,2025-06-26
응암3-010,서울특별시 은평구 가좌로7가길 8-15,,37.58510663,126.9200369,이면도로 옆,770*490*570,5,50,0,0,서울특별시 은평구청,2025-06-26
응암3-011,서울특별시 은평구 가좌로7가길 35,,37.58353319,126.9205227,이면도로 옆,770*490*570,5,50,0,0,서울특별시 은평구청,2025-06-26
응암3-012,서울특별시 은평구 가좌로7가길 26-6,,37.58460637,126.919811,이면도로 옆,770*490*570,5,50,0,0,서울특별시 은평구청,2025-06-26
응암3-013,서울특별시 은평구 가좌로7나길 33,,37.58349803,126.9194309,이면도로 옆,770*490*570,5,50,0,0,서울특별시 은평구청,2025-06-26
응암3-014,서울특별시 은평구 가좌로7다길 13-11,,37.58429827,126.918637,이면도로 옆,770*490*570,5,50,0,0,서울특별시 은평구청,2025-06-26
응암3-015,서울특별시 은평구 가좌로7다길 20,,37.58456061,126.9175337,이면도로 옆,770*490*570,5,50,0,0,서울특별시 은평구청,2025-06-26
응암1-012,서울특별시 은평구 응암로32길 21-12,,37.59736455,126.9229164,이면도로 옆,770*490*570,5,50,0,0,서울특별시 은평구청,2025-06-26
응암1-013,서울특별시 은평구 응암로34길 17,,37.597818,126.922985,이면도로 옆,770*490*570,5,50,0,0,서울특별시 은평구청,2025-06-26
응암1-014,서울특별시 은평구 응암로34길 9,,37.59832734,126.922058,이면도로 옆,770*490*570,5,50,0,0,서울특별시 은평구청,2025-06-26
응암1-015,서울특별시 은평구 응암로29길 14-12,,37.59723615,126.9180757,이면도로 옆,770*490*570,5,50,0,0,서울특별시 은평구청,2025-06-26
응암2-001,서울특별시 은평구 백련산로 90,,37.59397026,126.923227,이면도로 옆,770*490*570,5,50,0,0,서울특별시 은평구청,2025-06-26
응암2-002,서울특별시 은평구 백련산로 90,,37.59397026,126.9232106,이면도로 옆,770*490*570,5,50,0,0,서울특별시 은평구청,2025-06-26
응암2-003,서울특별시 은평구 백련산로4길 11-30,,37.595947,126.9247936,이면도로 옆,770*490*570,5,50,0,0,서울특별시 은평구청,2025-06-26
응암2-004,서울특별시 은평구 백련산로4길 21-17,,37.595843,126.9255077,이면도로 옆,770*490*570,5,50,0,0,서울특별시 은평구청,2025-06-26
응암2-005,서울특별시 은평구 백련산로4길 25,,37.59477449,126.925747,이면도로 옆,770*490*570,5,50,0,0,서울특별시 은평구청,2025-06-26
응암2-006,서울특별시 은평구 백련산로4길 21,,37.59482454,126.9253953,이면도로 옆,770*490*570,5,50,0,0,서울특별시 은평구청,2025-06-26
응암2-007,서울특별시 은평구 백련산로4길 14,,37.59468382,126.9244291,이면도로 옆,770*490*570,5,50,0,0,서울특별시 은평구청,2025-06-26
응암2-008,서울특별시 은평구 백련산로30길 15,,37.596605,126.926991,이면도로 옆,770*490*570,5,50,0,0,서울특별시 은평구청,2025-06-26
응암2-009,서울특별시 은평구 백련산로 93,,37.59397627,126.9227596,이면도로 옆,770*490*570,5,50,0,0,서울특별시 은평구청,2025-06-26
응암2-010,서울특별시 은평구 백련산로20길 30-10,,37.591921,126.920943,이면도로 옆,770*490*570,5,50,0,0,서울특별시 은평구청,2025-06-26
응암2-011,서울특별시 은평구 응암로20길 24,,37.592559,126.9206084,이면도로 옆,770*490*570,5,50,0,0,서울특별시 은평구청,2025-06-26
응암2-012,서울특별시 은평구 응암로16길 20,,37.59135555,126.919651,이면도로 옆,770*490*570,5,50,0,0,서울특별시 은평구청,2025-06-26
응암2-013,서울특별시 은평구 응암로14길 11,,37.59025456,126.9186182,이면도로 옆,770*490*570,5,50,0,0,서울특별시 은평구청,2025-06-26
신사2-002,서울특별시 은평구 가좌로11길 10,,37.596386,126.9071879,이면도로 옆,770*490*570,5,50,0,0,서울특별시 은평구청,2025-06-26
신사2-003,서울특별시 은평구 가좌로11길 28-9,,37.59583412,126.905082,이면도로 옆,770*490*570,5,50,0,0,서울특별시 은평구청,2025-06-26
신사2-004,서울특별시 은평구 가좌로11길 23,,37.59578809,126.9060016,이면도로 옆,770*490*570,5,50,0,0,서울특별시 은평구청,2025-06-26
신사2-005,서울특별시 은평구 가좌로11길 29-2,,37.595469,126.905311,이면도로 옆,770*490*570,5,50,0,0,서울특별시 은평구청,2025-06-26
신사2-006,서울특별시 은평구 가좌로11가길 22-4,,37.597334,126.9054846,이면도로 옆,770*490*570,5,50,0,0,서울특별시 은평구청,2025-06-26
신사2-007,서울특별시 은평구 가좌로11가길 26-3,,37.5972042,126.9051313,이면도로 옆,770*490*570,5,50,0,0,서울특별시 은평구청,2025-06-26
신사2-008,서울특별시 은평구 가좌로11가길 18-1,,37.59722417,126.905894,이면도로 옆,770*490*570,5,50,0,0,서울특별시 은평구청,2025-06-26
신사2-009,서울특별시 은평구 가좌로11가길 12-11,,37.59757455,126.905882,이면도로 옆,770*490*570,5,50,0,0,서울특별시 은평구청,2025-06-26
신사2-010,서울특별시 은평구 가좌로11가길 24,,37.597073,126.905444,이면도로 옆,770*490*570,5,50,0,0,서울특별시 은평구청,2025-06-26
신사2-011,서울특별시 은평구 가좌로11가길 28-1,,37.59705722,126.9048723,이면도로 옆,770*490*570,5,50,0,0,서울특별시 은평구청,2025-06-26
신사2-012,서울특별시 은평구 가좌로11가길 41,,37.596665,126.9035756,이면도로 옆,770*490*570,5,50,0,0,서울특별시 은평구청,2025-06-26
신사2-013,서울특별시 은평구 가좌로11가길 31,,37.59680713,126.9044556,이면도로 옆,770*490*570,5,50,0,0,서울특별시 은평구청,2025-06-26
신사2-014,서울특별시 은평구 가좌로11가길 40-9,,37.597086,126.903518,이면도로 옆,770*490*570,5,50,0,0,서울특별시 은평구청,2025-06-26
신사2-015,서울특별시 은평구 가좌로11가길 39,,37.596667,126.903622,이면도로 옆,770*490*570,5,50,0,0,서울특별시 은평구청,2025-06-26
신사2-016,서울특별시 은평구 가좌로11나길 34,,37.596016,126.904364,이면도로 옆,770*490*570,5,50,0,0,서울특별시 은평구청,2025-06-26
신사2-017,서울특별시 은평구 가좌로11나길 20-1,,37.596447,126.905474,이면도로 옆,770*490*570,5,50,0,0,서울특별시 은평구청,2025-06-26
신사2-018,서울특별시 은평구 가좌로11나길 10-1,,37.59688208,126.906396,이면도로 옆,770*490*570,5,50,0,0,서울특별시 은평구청,2025-06-26
신사2-019,서울특별시 은평구 은평터널로 182-47,,37.594442,126.9097356,이면도로 옆,770*490*570,5,50,0,0,서울특별시 은평구청,2025-06-26
신사2-020,서울특별시 은평구 은평터널로 169-9,,37.59403521,126.9072539,이면도로 옆,770*490*570,5,50,0,0,서울특별시 은평구청,2025-06-26
신사2-021,서울특별시 은평구 은평터널로 169-23,,37.59428244,126.906381,이면도로 옆,770*490*570,5,50,0,0,서울특별시 은평구청,2025-06-26
신사2-022,서울특별시 은평구 은평터널로 121-14,,37.59000915,126.9039031,이면도로 옆,770*490*570,5,50,0,0,서울특별시 은평구청,2025-06-26
신사2-023,서울특별시 은평구 은평터널로13길 21,,37.595332,126.9064791,이면도로 옆,770*490*570,5,50,0,0,서울특별시 은평구청,2025-06-26
신사2-024,서울특별시 은평구 은평터널로13길 14,,37.59570285,126.9073718,이면도로 옆,770*490*570,5,50,0,0,서울특별시 은평구청,2025-06-26
신사2-025,서울특별시 은평구 은평터널로11길 12,,37.595018,126.907264,이면도로 옆,770*490*570,5,50,0,0,서울특별시 은평구청,2025-06-26
신사2-026,서울특별시 은평구 은평터널로11길 22,,37.594761,126.906282,이면도로 옆,770*490*570,5,50,0,0,서울특별시 은평구청,2025-06-26
신사2-027,서울특별시 은평구 은평터널로9길 22,,37.59421936,126.9055432,이면도로 옆,770*490*570,5,50,0,0,서울특별시 은평구청,2025-06-26
신사2-028,서울특별시 은평구 은평터널로9가길 14,,37.595189,126.9060371,이면도로 옆,770*490*570,5,50,0,0,서울특별시 은평구청,2025-06-26
신사2-029,서울특별시 은평구 은평터널로9가길 9-11,,37.594728,126.905417,이면도로 옆,770*490*570,5,50,0,0,서울특별시 은평구청,2025-06-26
신사2-030,서울특별시 은평구 은평터널로7길 17-2,,37.592391,126.9044129,이면도로 옆,770*490*570,5,50,0,0,서울특별시 은평구청,2025-06-26
신사2-031,서울특별시 은평구 은평터널로7길 41,,37.592632,126.901898,이면도로 옆,770*490*570,5,50,0,0,서울특별시 은평구청,2025-06-26
신사2-032,서울특별시 은평구 은평터널로7길 39-17,,37.592581,126.901246,이면도로 옆,770*490*570,5,50,0,0,서울특별시 은평구청,2025-06-26
신사2-033,서울특별시 은평구 은평터널로7길 31,,37.592385,126.902951,이면도로 옆,770*490*570,5,50,0,0,서울특별시 은평구청,2025-06-26
신사2-034,서울특별시 은평구 은평터널로7가길 20-17,,37.59219647,126.9015921,이면도로 옆,770*490*570,5,50,0,0,서울특별시 은평구청,2025-06-26
신사2-035,서울특별시 은평구 은평터널로7가길 13,,37.59171098,126.9028478,이면도로 옆,770*490*570,5,50,0,0,서울특별시 은평구청,2025-06-26
신사2-036,서울특별시 은평구 은평터널로7가길 14-20,,37.59241339,126.9019701,이면도로 옆,770*490*570,5,50,0,0,서울특별시 은평구청,2025-06-26
신사2-037,서울특별시 은평구 은평터널로5길 11,,37.59149583,126.9044096,이면도로 옆,770*490*570,5,50,0,0,서울특별시 은평구청,2025-06-26
신사2-038,서울특별시 은평구 은평터널로5길 14,,37.5917764,126.9042904,이면도로 옆,770*490*570,5,50,0,0,서울특별시 은평구청,2025-06-26
신사2-039,서울특별시 은평구 은평터널로5길 20-8,,37.59194199,126.9036153,이면도로 옆,770*490*570,5,50,0,0,서울특별시 은평구청,2025-06-26
신사2-040,서울특별시 은평구 은평터널로5길 37-12,,37.591364,126.902859,이면도로 옆,770*490*570,5,50,0,0,서울특별시 은평구청,2025-06-26
신사2-041,서울특별시 은평구 은평터널로5길 22,,37.59153723,126.9035709,이면도로 옆,770*490*570,5,50,0,0,서울특별시 은평구청,2025-06-26
신사2-042,서울특별시 은평구 은평터널로5길 37,,37.59119095,126.9030944,이면도로 옆,770*490*570,5,50,0,0,서울특별시 은평구청,2025-06-26
신사2-043,서울특별시 은평구 은평터널로5길 33,,37.59078222,126.9032676,이면도로 옆,770*490*570,5,50,0,0,서울특별시 은평구청,2025-06-26
신사2-044,서울특별시 은평구 은평터널로5길 22-4,,37.59164741,126.9033378,이면도로 옆,770*490*570,5,50,0,0,서울특별시 은평구청,2025-06-26
신사2-045,서울특별시 은평구 은평터널로5길 24,,37.591351,126.9033666,이면도로 옆,770*490*570,5,50,0,0,서울특별시 은평구청,2025-06-26
신사2-046,서울특별시 은평구 은평터널로5길 21,,37.591482,126.9037425,이면도로 옆,770*490*570,5,50,0,0,서울특별시 은평구청,2025-06-26
신사2-047,서울특별시 은평구 은평터널로 173-13,,37.594451,126.907233,이면도로 옆,770*490*570,5,50,0,0,서울특별시 은평구청,2025-06-26
증산-001,서울특별시 은평구 증산서길 125-3,,37.58625776,126.9100626,이면도로 옆,770*490*570,5,50,0,0,서울특별시 은평구청,2025-06-26
증산-002,서울특별시 은평구 증산로9길 20-23,,37.5865593,126.908698,이면도로 옆,770*490*570,5,50,0,0,서울특별시 은평구청,2025-06-26
증산-003,서울특별시 은평구 증산로11길 35,,37.58720223,126.9091776,이면도로 옆,770*490*570,5,50,0,0,서울특별시 은평구청,2025-06-26
증산-004,서울특별시 은평구 증산로13가길 10,,37.588985,126.910047,이면도로 옆,770*490*570,5,50,0,0,서울특별시 은평구청,2025-06-26
증산-005,서울특별시 은평구 증산로13길 40,,37.58768375,126.9086366,이면도로 옆,770*490*570,5,50,0,0,서울특별시 은평구청,2025-06-26
증산-006,서울특별시 은평구 증산로13가길 10-1,,37.589093,126.910067,이면도로 옆,770*490*570,5,50,0,0,서울특별시 은평구청,2025-06-26
증산-007,서울특별시 은평구 증산로9길 32-49,,37.58729047,126.9082868,이면도로 옆,770*490*570,5,50,0,0,서울특별시 은평구청,2025-06-26
증산-008,서울특별시 은평구 증산로13길 44-5,,37.587675,126.9076967,이면도로 옆,770*490*570,5,50,0,0,서울특별시 은평구청,2025-06-26
증산-009,서울특별시 은평구 증산로9길 31-6,,37.58623019,126.907064,이면도로 옆,770*490*570,5,50,0,0,서울특별시 은평구청,2025-06-26
증산-010,서울특별시 은평구 증산로9길 38,,37.58650258,126.9068346,이면도로 옆,770*490*570,5,50,0,0,서울특별시 은평구청,2025-06-26
증산-011,서울특별시 은평구 증산로9길 36-5,,37.58736143,126.906523,이면도로 옆,770*490*570,5,50,0,0,서울특별시 은평구청,2025-06-26
증산-012,서울특별시 은평구 증산로9길 44-21,,37.586852,126.9056866,이면도로 옆,770*490*570,5,50,0,0,서울특별시 은평구청,2025-06-26
증산-013,서울특별시 은평구 증산로9길 46-16,,37.586491,126.905841,이면도로 옆,770*490*570,5,50,0,0,서울특별시 은평구청,2025-06-26
증산-014,서울특별시 은평구 증산로5길 36-15,,37.585162,126.9057754,이면도로 옆,770*490*570,5,50,0,0,서울특별시 은평구청,2025-06-26
증산-015,서울특별시 은평구 증산로5길 37-9,,37.584792,126.9044639,이면도로 옆,770*490*570,5,50,0,0,서울특별시 은평구청,2025-06-26
증산-016,,서울특별시 은평구 증산동 산21-2,37.585048,126.904183,이면도로 옆,770*490*570,5,50,0,0,서울특별시 은평구청,2025-06-26
증산-017,서울특별시 은평구 증산로5길 27-30,,37.58344275,126.9041008,이면도로 옆,770*490*570,5,50,0,0,서울특별시 은평구청,2025-06-26
증산-018,서울특별시 은평구 증산로3길 26,,37.581927,126.903012,이면도로 옆,770*490*570,5,50,0,0,서울특별시 은평구청,2025-06-26
증산-019,서울특별시 은평구 증산로5길 35-27,,37.58427698,126.9031454,이면도로 옆,770*490*570,5,50,0,0,서울특별시 은평구청,2025-06-26
증산-020,서울특별시 은평구 증산로9길 26-25,,37.587009,126.908737,이면도로 옆,770*490*570,5,50,0,0,서울특별시 은평구청,2025-06-26
증산-021,서울특별시 은평구 증산서길 125-39,,37.586027,126.908935,이면도로 옆,770*490*570,5,50,0,0,서울특별시 은평구청,2025-06-26
증산-022,서울특별시 은평구 증산로5길 42,,37.585105,126.904958,이면도로 옆,770*490*570,5,50,0,0,서울특별시 은평구청,2025-06-26
진관-044,서울특별시 은평구 연서로54길 117,,37.64250928,126.9514609,이면도로 옆,770*490*570,5,50,0,0,서울특별시 은평구청,2025-06-26
진관-045,서울특별시 은평구 연서로54길 117,,37.64250928,126.9514609,이면도로 옆,770*490*570,5,50,0,0,서울특별시 은평구청,2025-06-26
진관-046,서울특별시 은평구 연서로54길 117,,37.64250928,126.9514609,이면도로 옆,770*490*570,5,50,0,0,서울특별시 은평구청,2025-06-26
진관-003,서울특별시 은평구 통일로 1031-41,,37.63472032,126.9121979,이면도로 옆,770*490*570,5,50,0,0,서울특별시 은평구청,2025-06-26
진관-004,서울특별시 은평구 통일로 691,,37.60780455,126.9319173,이면도로 옆,770*490*570,5,50,0,0,서울특별시 은평구청,2025-06-26
진관-005,서울특별시 은평구 연서로44길 30,,37.62769875,126.9346803,이면도로 옆,770*490*570,5,50,0,0,서울특별시 은평구청,2025-06-26
진관-006,서울특별시 은평구 연서로44길 30,,37.62769875,126.9346803,이면도로 옆,770*490*570,5,50,0,0,서울특별시 은평구청,2025-06-26
진관-007,서울특별시 은평구 연서로44길 51,,37.62710859,126.9376445,이면도로 옆,770*490*570,5,50,0,0,서울특별시 은평구청,2025-06-26
진관-008,서울특별시 은평구 연서로46길 7,,37.63396525,126.9326829,이면도로 옆,770*490*570,5,50,0,0,서울특별시 은평구청,2025-06-26
증산-023,서울특별시 은평구 증산로9길 50-4,,37.585909,126.905951,이면도로 옆,770*490*570,5,50,0,0,서울특별시 은평구청,2025-06-26
증산-024,서울특별시 은평구 증산로13가길 30,,37.58853437,126.908193,이면도로 옆,770*490*570,5,50,0,0,서울특별시 은평구청,2025-06-26
증산-025,서울특별시 은평구 증산로9길 32-30,,37.587274,126.908531,이면도로 옆,770*490*570,5,50,0,0,서울특별시 은평구청,2025-06-26
증산-026,서울특별시 은평구 증산서길 89,,37.584347,126.907035,이면도로 옆,770*490*570,5,50,0,0,서울특별시 은평구청,2025-06-26
수색-001,서울특별시 은평구 수색로22길 25-24,,37.58792578,126.8885244,이면도로 옆,770*490*570,5,50,0,0,서울특별시 은평구청,2025-06-26
수색-002,서울특별시 은평구 수색로22나길 27-1,,37.58765622,126.8881649,이면도로 옆,770*490*570,5,50,0,0,서울특별시 은평구청,2025-06-26
수색-003,서울특별시 은평구 증산로1길 26,,37.58109371,126.9011418,이면도로 옆,770*490*570,5,50,0,0,서울특별시 은평구청,2025-06-26
수색-004,서울특별시 은평구 수색로22길 14,,37.58667137,126.8894317,이면도로 옆,770*490*570,5,50,0,0,서울특별시 은평구청,2025-06-26
수색-005,서울특별시 은평구 수색로22가길 7,,37.58622752,126.8903734,이면도로 옆,770*490*570,5,50,0,0,서울특별시 은평구청,2025-06-26
수색-006,서울특별시 은평구 수색로 346,,37.586959,126.8878328,이면도로 옆,770*490*570,5,50,0,0,서울특별시 은평구청,2025-06-26
수색-007,서울특별시 은평구 수색로 350-3,,37.58740298,126.887376,이면도로 옆,770*490*570,5,50,0,0,서울특별시 은평구청,2025-06-26
진관-020,서울특별시 은평구 연서로54길 127,,37.64229026,126.9524854,이면도로 옆,770*490*570,5,50,0,0,서울특별시 은평구청,2025-06-26
진관-021,서울특별시 은평구 의상봉길 12,,37.653179,126.9399768,이면도로 옆,770*490*570,5,50,0,0,서울특별시 은평구청,2025-06-26
진관-022,서울특별시 은평구 의상봉길 39,,37.65298551,126.943326,이면도로 옆,770*490*570,5,50,0,0,서울특별시 은평구청,2025-06-26
진관-023,서울특별시 은평구 대서문길 70-7,,37.650689,126.944869,이면도로 옆,770*490*570,5,50,0,0,서울특별시 은평구청,2025-06-26
진관-024,서울특별시 은평구 대서문길 25-12,,37.656373,126.9488693,이면도로 옆,770*490*570,5,50,0,0,서울특별시 은평구청,2025-06-26
진관-025,서울특별시 은평구 대서문길 45-11,,37.65514078,126.950474,이면도로 옆,770*490*570,5,50,0,0,서울특별시 은평구청,2025-06-26
수색-014,서울특별시 은평구 은평터널로 64,,37.58639644,126.900929,이면도로 옆,770*490*570,5,50,0,0,서울특별시 은평구청,2025-06-26
수색-015,서울특별시 은평구 은평터널로 65,,37.58690845,126.8992289,이면도로 옆,770*490*570,5,50,0,0,서울특별시 은평구청,2025-06-26
수색-016,서울특별시 은평구 수색로22나길 24-14,,37.58750455,126.8886109,이면도로 옆,770*490*570,5,50,0,0,서울특별시 은평구청,2025-06-26
수색-017,서울특별시 은평구 수색로16길 21,,37.58517215,126.8960121,이면도로 옆,770*490*570,5,50,0,0,서울특별시 은평구청,2025-06-26
수색-018,서울특별시 은평구 수색로200 DMC센터럴자이 2차 정문,,37.581562,126.904044,이면도로 옆,770*490*570,5,50,0,0,서울특별시 은평구청,2025-06-26
수색-019,서울특별시 은평구 수색로200 1단지 상가,,37.579411,126.901301,이면도로 옆,770*490*570,5,50,0,0,서울특별시 은평구청,2025-06-26
수색-020,서울특별시 은평구 수색로200 DMC센터럴자이 2차 후문,,37.580389,126.902722,이면도로 옆,770*490*570,5,50,0,0,서울특별시 은평구청,2025-06-26
수색-021,서울특별시 은평구 수색로200 DMC센터럴자이 4차 후문,,37.580502,126.902531,이면도로 옆,770*490*570,5,50,0,0,서울특별시 은평구청,2025-06-26
수색-022,,서울특별시 은평구 증산동221-1 수색성당,37.579337,126.902004,이면도로 옆,770*490*570,5,50,0,0,서울특별시 은평구청,2025-06-26
진관-001,서울특별시 은평구 통일로 1079-31,,37.63742947,126.9139946,이면도로 옆,770*490*570,5,50,0,0,서울특별시 은평구청,2025-06-26
진관-002,서울특별시 은평구 통일로 1079-31,,37.63742947,126.9139946,이면도로 옆,770*490*570,5,50,0,0,서울특별시 은평구청,2025-06-26
진관-038,서울특별시 은평구 진관2로 57-7,,37.63437375,126.9232361,이면도로 옆,770*490*570,5,50,0,0,서울특별시 은평구청,2025-06-26
진관-039,서울특별시 은평구 진관2로 57-7,,37.63437375,126.9232361,이면도로 옆,770*490*570,5,50,0,0,서울특별시 은평구청,2025-06-26
진관-040,서울특별시 은평구 진관2로 57-7,,37.63437375,126.9232361,이면도로 옆,770*490*570,5,50,0,0,서울특별시 은평구청,2025-06-26
진관-041,서울특별시 은평구 진관2로 57-7,,37.63437375,126.9232361,이면도로 옆,770*490*570,5,50,0,0,서울특별시 은평구청,2025-06-26
진관-042,서울특별시 은평구 대서문길 15-7,,37.656957,126.9478926,이면도로 옆,770*490*570,5,50,0,0,서울특별시 은평구청,2025-06-26
진관-043,서울특별시 은평구 연서로54길 117,,37.64250928,126.9514609,이면도로 옆,770*490*570,5,50,0,0,서울특별시 은평구청,2025-06-26
진관-009,서울특별시 은평구 연서로 456,,37.63513749,126.9332644,이면도로 옆,770*490*570,5,50,0,0,서울특별시 은평구청,2025-06-26
진관-010,서울특별시 은평구 연서로 487,,37.64003565,126.9346269,이면도로 옆,770*490*570,5,50,0,0,서울특별시 은평구청,2025-06-26
진관-011,서울특별시 은평구 연서로48길 12,,37.63714222,126.935903,이면도로 옆,770*490*570,5,50,0,0,서울특별시 은평구청,2025-06-26
진관-012,서울특별시 은평구 연서로48길 30,,37.63787539,126.9385449,이면도로 옆,770*490*570,5,50,0,0,서울특별시 은평구청,2025-06-26
진관-013,서울특별시 은평구 연서로48길 50-6,,37.63880459,126.9395415,이면도로 옆,770*490*570,5,50,0,0,서울특별시 은평구청,2025-06-26
진관-014,서울특별시 은평구 연서로48길 74,,37.64104135,126.9413951,이면도로 옆,770*490*570,5,50,0,0,서울특별시 은평구청,2025-06-26
진관-015,서울특별시 은평구 진관길 73,,37.63785684,126.9465133,이면도로 옆,770*490*570,5,50,0,0,서울특별시 은평구청,2025-06-26
진관-016,서울특별시 은평구 연서로54길 127,,37.64229026,126.9524854,이면도로 옆,770*490*570,5,50,0,0,서울특별시 은평구청,2025-06-26
진관-017,서울특별시 은평구 연서로54길 127,,37.64229026,126.9524854,이면도로 옆,770*490*570,5,50,0,0,서울특별시 은평구청,2025-06-26
진관-018,서울특별시 은평구 연서로54길 20,,37.64372859,126.9412867,이면도로 옆,770*490*570,5,50,0,0,서울특별시 은평구청,2025-06-26
진관-019,서울특별시 은평구 연서로54길 127,,37.64229026,126.9524854,이면도로 옆,770*490*570,5,50,0,0,서울특별시 은평구청,2025-06-26
진관-047,서울특별시 은평구 연서로54길 117,,37.64250928,126.9514609,이면도로 옆,770*490*570,5,50,0,0,서울특별시 은평구청,2025-06-26
진관-048,서울특별시 은평구 연서로54길 117,,37.64250928,126.9514609,이면도로 옆,770*490*570,5,50,0,0,서울특별시 은평구청,2025-06-26
진관-049,서울특별시 은평구 연서로54길 117,,37.64250928,126.9514609,이면도로 옆,770*490*570,5,50,0,0,서울특별시 은평구청,2025-06-26
진관-050,서울특별시 은평구 연서로54길 117,,37.64250928,126.9514609,이면도로 옆,770*490*570,5,50,0,0,서울특별시 은평구청,2025-06-26
진관-051,서울특별시 은평구 연서로54길 117,,37.642508,126.9514609,이면도로 옆,770*490*570,5,50,0,0,서울특별시 은평구청,2025-06-26
진관-026,서울특별시 은평구 대서문길 42-9,,37.654789,126.949337,이면도로 옆,770*490*570,5,50,0,0,서울특별시 은평구청,2025-06-26
진관-027,서울특별시 은평구 진관4로 78-38,,37.64413603,126.9311452,이면도로 옆,770*490*570,5,50,0,0,서울특별시 은평구청,2025-06-26
진관-028,서울특별시 은평구 진관4로 48-50,,37.64320408,126.9292088,이면도로 옆,770*490*570,5,50,0,0,서울특별시 은평구청,2025-06-26
진관-029,서울특별시 은평구 진관4로 48-84,,37.63967793,126.9276412,이면도로 옆,770*490*570,5,50,0,0,서울특별시 은평구청,2025-06-26
진관-030,서울특별시 은평구 진관4로 48-84,,37.63967793,126.9276412,이면도로 옆,770*490*570,5,50,0,0,서울특별시 은평구청,2025-06-26
진관-031,서울특별시 은평구 진관4로 36,,37.64425564,126.9257277,이면도로 옆,770*490*570,5,50,0,0,서울특별시 은평구청,2025-06-26
진관-032,서울특별시 은평구 진관4로 26,,37.64333857,126.9243825,이면도로 옆,770*490*570,5,50,0,0,서울특별시 은평구청,2025-06-26
진관-033,서울특별시 은평구 진관4로 18-19,,37.64151872,126.9238932,이면도로 옆,770*490*570,5,50,0,0,서울특별시 은평구청,2025-06-26
진관-034,서울특별시 은평구 진관3로 22,,37.63894399,126.9191768,이면도로 옆,770*490*570,5,50,0,0,서울특별시 은평구청,2025-06-26
진관-035,서울특별시 은평구 통일로 1093,,37.64013879,126.9154553,이면도로 옆,770*490*570,5,50,0,0,서울특별시 은평구청,2025-06-26
진관-036,서울특별시 은평구 진관2로 57-7,,37.63437375,126.9232361,이면도로 옆,770*490*570,5,50,0,0,서울특별시 은평구청,2025-06-26
진관-037,서울특별시 은평구 진관2로 57-23,,37.63513448,126.9253782,이면도로 옆,770*490*570,5,50,0,0,서울특별시 은평구청,2025-06-26
수색-008,서울특별시 은평구 수색로22길 21,,37.587381,126.8893491,이면도로 옆,770*490*570,5,50,0,0,서울특별시 은평구청,2025-06-26
수색-009,서울특별시 은평구 수색로22가길 6-8,,37.58581776,126.889999,이면도로 옆,770*490*570,5,50,0,0,서울특별시 은평구청,2025-06-26
수색-010,서울특별시 은평구 수색로22길 27,,37.5877597,126.8896512,이면도로 옆,770*490*570,5,50,0,0,서울특별시 은평구청,2025-06-26
수색-011,서울특별시 은평구 은평터널로 27,,37.58474737,126.8983327,이면도로 옆,770*490*570,5,50,0,0,서울특별시 은평구청,2025-06-26
수색-012,서울특별시 은평구 수색로 300,,37.58507857,126.8903785,이면도로 옆,770*490*570,5,50,0,0,서울특별시 은평구청,2025-06-26
수색-013,서울특별시 은평구 수색로22가길 4,,37.58608044,126.8898529,이면도로 옆,770*490*570,5,50,0,0,서울특별시 은평구청,2025-06-26
