﻿가맹점명,가맹점유형코드,시도명,시군구명,시군구코드,소재지도로명주소,소재지지번주소,위도,경도,전화번호,평일운영시작시각,평일운영종료시각,토요일운영시작시각,토요일운영종료시각,공휴일운영시작시각,공휴일운영종료시각,배달시작시각,배달종료시각,관리기관명,관리기관전화번호,데이터기준일자
(S)급 레시피 은평점,1,서울특별시,은평구,11380,"서울특별시 은평구 통일로73길 31-1 ,1층101호",서울특별시 은평구 대조동 206-34,37.61426874,126.9212687,02-2111-1111,11:00,22:00,11:00,22:00,11:00,22:00,00:00,00:00,은평구청,02-351-6242,2024-12-09
(SOLDOUT BAKERY)솔드아웃베이커리,2,서울특별시,은평구,11380,"서울특별시 은평구 연서로26길 15-17 ,제1층 제101호",서울특별시 은평구 대조동 196-10,37.61699718,126.9216501,0507-1470-0629,11:00,22:00,11:00,22:00,11:00,22:00,00:00,00:00,은평구청,02-351-6242,2024-12-09
(숙이네)고기쌈밥,1,서울특별시,은평구,11380,"서울특별시 은평구 증산로3길 12 , 다동 24호 (증산동, 증산시장)",서울특별시 은평구 증산동 184-9,37.58146885,126.9050616,02-302-0594,11:00,22:00,11:00,22:00,11:00,22:00,00:00,00:00,은평구청,02-351-6242,2024-12-09
(주) 웰스프레쉬-은평우체국점,1,서울특별시,은평구,11380,"서울특별시 은평구 진관2로 29-8 (진관동, 서울은평우체국)",서울특별시 은평구 진관동 77,37.63545059,126.9206115,02-4830-6000,11:00,22:00,11:00,22:00,11:00,22:00,00:00,00:00,은평구청,02-351-6242,2024-12-09
